公司,职位,地区,地点,日期,级别名称,标签,总计工作年数,该公司工作年数,总薪酬USD,基本工资,股票(年),奖金,Source_URL,Capture_Time
Binance,软件工程师,Singapore,"BinanceSingapore, SG, Singapore",7 days ago,32,DevOps,7年,0年,135434,13.3万,2923,不适用,https://www.levels.fyi/zh-cn/companies/binance/salaries/software-engineer?country=219,2026-01-27 23:26:26
Binance,软件工程师,Singapore,"BinanceSingapore, SG, Singapore",2025/11/22,32,API Development (Back-End),8年,2年,150000,15万,不适用,不适用,https://www.levels.fyi/zh-cn/companies/binance/salaries/software-engineer?country=219,2026-01-27 23:26:26
Binance,软件工程师,Singapore,"BinanceSingapore, SG, Singapore",2025/11/18,31,Web Development (Front-End),6年,0年,146424,11.1万,9019.5,2.7万,https://www.levels.fyi/zh-cn/companies/binance/salaries/software-engineer?country=219,2026-01-27 23:26:26
Binance,软件工程师,United States,"BinanceNew York, NY",2025/09/13,31,Web Development (Front-End),6年,0年,130000,12万,1万,不适用,https://www.levels.fyi/zh-cn/companies/binance/salaries/software-engineer/locations/united-states?country=254,2026-01-27 23:26:31
Binance,软件工程师,United States,"BinanceNew York, NY",2025/07/29,11,Security,0年,0年,102500,10万,2500,不适用,https://www.levels.fyi/zh-cn/companies/binance/salaries/software-engineer/locations/united-states?country=254,2026-01-27 23:26:31
Binance,软件工程师,United States,"BinanceNew York, NY",2025/07/09,11,Web Development (Front-End),0年,0年,125000,10万,2.5万,不适用,https://www.levels.fyi/zh-cn/companies/binance/salaries/software-engineer/locations/united-states?country=254,2026-01-27 23:26:31
Binance,软件工程师,United Arab Emirates,"BinanceDubai, DU, United Arab Emirates",2025/11/26,21,ML / AI,7年,0年,98026,9.8万,不适用,不适用,https://www.levels.fyi/zh-cn/companies/binance/salaries/software-engineer/locations/united-arab-emirates?country=252,2026-01-27 23:26:42
Binance,软件工程师,United Arab Emirates,"BinanceDubai, DU, United Arab Emirates",2025/09/15,31,API Development (Back-End),9年,0年,190606,15万,1.1万,3万,https://www.levels.fyi/zh-cn/companies/binance/salaries/software-engineer/locations/united-arab-emirates?country=252,2026-01-27 23:26:42
Binance,软件工程师,United Arab Emirates,"BinanceDubai, DU, United Arab Emirates",2025/05/15,31,Distributed Systems (Back-End),5年,0年,196025,19.6万,不适用,不适用,https://www.levels.fyi/zh-cn/companies/binance/salaries/software-engineer/locations/united-arab-emirates?country=252,2026-01-27 23:26:42
Binance,软件工程师,China,"BinanceHangzhou, ZJ, China",a day ago,11,Web Development (Front-End),1年,1年,22370,2.2万,不适用,不适用,https://www.levels.fyi/zh-cn/companies/binance/salaries/software-engineer/locations/china?country=49,2026-01-27 23:26:56
Binance,软件工程师,China,"BinanceGuangdong, GD, China",2025/11/15,31,Mobile (iOS + Android),10年,1年,101227,10.1万,不适用,不适用,https://www.levels.fyi/zh-cn/companies/binance/salaries/software-engineer/locations/china?country=49,2026-01-27 23:26:56
Binance,软件工程师,France,"BinanceParis, IL, France",2025/07/19,33,Web Development (Front-End),15年,3年,177826,15.1万,不适用,2.7万,https://www.levels.fyi/zh-cn/companies/binance/salaries/software-engineer/locations/france?country=82,2026-01-27 23:27:01
Binance,软件工程师,Malaysia,"BinanceKuala Lumpur, KL, Malaysia",2026/01/14,11,Testing (SDET),1年,0年,14824,1.5万,不适用,不适用,https://www.levels.fyi/zh-cn/companies/binance/salaries/software-engineer/locations/malaysia?country=149,2026-01-27 23:27:11
Binance,软件工程师,Taiwan,"BinanceTaipei, TP, Taiwan",2025/09/22,11,Data,0年,0年,15878,1.6万,不适用,不适用,https://www.levels.fyi/zh-cn/companies/binance/salaries/software-engineer/locations/taiwan?country=236,2026-01-27 23:27:23
Binance,软件工程师,Taiwan,"BinanceTaipei, TP, Taiwan",2025/08/31,31,Developer Relations,10年,0年,130824,9.8万,不适用,3.3万,https://www.levels.fyi/zh-cn/companies/binance/salaries/software-engineer/locations/taiwan?country=236,2026-01-27 23:27:23
Binance,软件工程师,Taiwan,"BinanceTaipei, TP, Taiwan",2024/09/17,Senior,Distributed Systems (Back-End),8年,1年,100569,7.5万,不适用,2.5万,https://www.levels.fyi/zh-cn/companies/binance/salaries/software-engineer/locations/taiwan?country=236,2026-01-27 23:27:23
Binance,数据分析师,Taiwan,"BinanceTaipei, TP, Taiwan",2025/11/30,22,Data,6年,3年,96840,6.1万,不适用,3.6万,https://www.levels.fyi/zh-cn/companies/binance/salaries/data-analyst?country=236,2026-01-27 23:27:44
Binance,数据分析师,Taiwan,"BinanceTaipei, TP, Taiwan",2025/11/01,22,Business Analytics,6年,3年,94815,6.2万,不适用,3.2万,https://www.levels.fyi/zh-cn/companies/binance/salaries/data-analyst?country=236,2026-01-27 23:27:44
Binance,数据科学家,,"BinanceSingapore, SG, Singapore",2025/11/04,22,-,4年,3年,170544,10万,不适用,7万,https://www.levels.fyi/zh-cn/companies/binance/salaries/data-scientist,2026-01-27 23:28:02
Binance,数据科学家,,"BinanceSingapore, SG, Singapore",2025/01/13,21,Data,2年,2年,107080,8.9万,不适用,1.8万,https://www.levels.fyi/zh-cn/companies/binance/salaries/data-scientist,2026-01-27 23:28:02
Binance,数据科学家,,"BinanceSingapore, SG, Singapore",2025/01/12,,hidden,,5-10年,87572,8.8万,不适用,不适用,https://www.levels.fyi/zh-cn/companies/binance/salaries/data-scientist,2026-01-27 23:28:02
Binance,产品经理,Singapore,"BinanceSingapore, SG, Singapore",2025/02/24,32,Technical,6年,2年,136050,9.9万,不适用,3.7万,https://www.levels.fyi/zh-cn/companies/binance/salaries/product-manager?country=219,2026-01-27 23:28:13
Binance,产品经理,Singapore,"BinanceSingapore, SG, Singapore",2025/02/19,32,General,10年,0年,223584,22.4万,不适用,不适用,https://www.levels.fyi/zh-cn/companies/binance/salaries/product-manager?country=219,2026-01-27 23:28:13
Coinbase,软件工程师,United States,"CoinbaseRedmond, WA",6 days ago,IC6,Distributed Systems (Back-End),10年,5年,564000,25万,27.6万,3.8万,https://www.levels.fyi/zh-cn/companies/coinbase/salaries/software-engineer?country=254,2026-01-27 23:30:24
Coinbase,软件工程师,United States,"CoinbaseSeattle, WA",6 days ago,IC6,Security,12年,4年,480000,20万,25万,3万,https://www.levels.fyi/zh-cn/companies/coinbase/salaries/software-engineer?country=254,2026-01-27 23:30:24
Coinbase,软件工程师,United States,"CoinbaseNew York, NY",2026/01/20,IC4,API Development (Back-End),4年,4年,264000,18万,7.6万,8000,https://www.levels.fyi/zh-cn/companies/coinbase/salaries/software-engineer?country=254,2026-01-27 23:30:24
Coinbase,软件工程师,United States - San Francisco Bay Area,"CoinbaseSan Francisco, CA",2026/01/19,IC3,Full Stack,0年,0年,212500,15万,4万,2.3万,https://www.levels.fyi/zh-cn/companies/coinbase/salaries/software-engineer/locations/san-francisco-bay-area?dma=807,2026-01-27 23:30:30
Coinbase,软件工程师,United States - San Francisco Bay Area,"CoinbaseSan Francisco, CA",2026/01/12,IC4,API Development (Back-End),4年,1年,274000,18万,7.6万,1.8万,https://www.levels.fyi/zh-cn/companies/coinbase/salaries/software-engineer/locations/san-francisco-bay-area?dma=807,2026-01-27 23:30:30
Coinbase,软件工程师,United States - San Francisco Bay Area,"CoinbaseSan Francisco, CA",2025/12/05,IC3,API Development (Back-End),0年,0年,219000,15.1万,5万,1.8万,https://www.levels.fyi/zh-cn/companies/coinbase/salaries/software-engineer/locations/san-francisco-bay-area?dma=807,2026-01-27 23:30:30
Coinbase,软件工程师,United States - New York City Area,"CoinbaseNew York, NY",2026/01/01,IC3,Full Stack,2年,1年,208000,15万,5万,8000,https://www.levels.fyi/zh-cn/companies/coinbase/salaries/software-engineer/locations/new-york-city-area?dma=501,2026-01-27 23:30:35
Coinbase,软件工程师,United States - New York City Area,"CoinbaseNew York, NY",2025/12/31,IC5,Full Stack,5年,2年,550000,25万,30万,不适用,https://www.levels.fyi/zh-cn/companies/coinbase/salaries/software-engineer/locations/new-york-city-area?dma=501,2026-01-27 23:30:35
Coinbase,软件工程师,United States - Greater Seattle Area,"CoinbaseSeattle, WA",2025/11/18,IC4,API Development (Back-End),3年,0年,265000,18万,7.6万,9000,https://www.levels.fyi/zh-cn/companies/coinbase/salaries/software-engineer/locations/greater-seattle-area?dma=819,2026-01-27 23:30:40
Coinbase,软件工程师,United States - Greater Dallas Area,"CoinbaseDallas, TX",2025/12/14,IC5,DevOps,8年,4年,282000,17.6万,7.6万,3万,https://www.levels.fyi/zh-cn/companies/coinbase/salaries/software-engineer/locations/greater-dallas-area?dma=623,2026-01-27 23:30:46
Coinbase,软件工程师,United States - Greater Dallas Area,"CoinbaseDallas, TX",2025/12/01,IC4,Distributed Systems (Back-End),5年,1年,256000,15万,7.6万,3万,https://www.levels.fyi/zh-cn/companies/coinbase/salaries/software-engineer/locations/greater-dallas-area?dma=623,2026-01-27 23:30:46
Coinbase,软件工程师,India,"CoinbaseBengaluru, KA, India",2026/01/05,IC5,ML / AI,5年,4年,137661,7.3万,5.7万,7771.2,https://www.levels.fyi/zh-cn/companies/coinbase/salaries/software-engineer/locations/india?country=113,2026-01-27 23:30:51
Coinbase,软件工程师,India,"CoinbaseHyderabad, TS, India",2026/01/01,IC3,Full Stack,1年,1年,46061,3.2万,1.4万,不适用,https://www.levels.fyi/zh-cn/companies/coinbase/salaries/software-engineer/locations/india?country=113,2026-01-27 23:30:51
Coinbase,软件工程师,India,"CoinbaseBengaluru, KA, India",2025/11/22,IC4,API Development (Back-End),4年,1年,54439,4万,1.5万,不适用,https://www.levels.fyi/zh-cn/companies/coinbase/salaries/software-engineer/locations/india?country=113,2026-01-27 23:30:51
Coinbase,软件工程师,India - Greater Bengaluru,"CoinbaseBengaluru, KA, India",2025/11/18,IC4,API Development (Back-End),5年,2年,84615,5.6万,2.8万,不适用,https://www.levels.fyi/zh-cn/companies/coinbase/salaries/software-engineer/locations/greater-bengaluru?dma=10062,2026-01-27 23:30:56
Coinbase,软件工程师,India - Greater Hyderabad Area,"CoinbaseHyderabad, TS, India",2025/07/26,IC5,Full Stack,9年,4年,131787,7.7万,4.6万,8092.3,https://www.levels.fyi/zh-cn/companies/coinbase/salaries/software-engineer/locations/greater-hyderabad-area?dma=10065,2026-01-27 23:31:02
Coinbase,软件工程师,Canada,"CoinbaseVancouver, BC, Canada",2026/01/10,IC3,Full Stack,3年,2年,135870,9.8万,3.7万,不适用,https://www.levels.fyi/zh-cn/companies/coinbase/salaries/software-engineer/locations/canada?country=43,2026-01-27 23:31:08
Coinbase,软件工程师,Canada,"CoinbaseToronto, ON, Canada",2026/01/01,IC4,Distributed Systems (Back-End),3年,0年,173909,11.2万,5.6万,5610,https://www.levels.fyi/zh-cn/companies/coinbase/salaries/software-engineer/locations/canada?country=43,2026-01-27 23:31:08
Coinbase,软件工程师,Canada,"CoinbaseToronto, ON, Canada",2025/12/28,IC5,API Development (Back-End),9年,1年,299697,14万,13.4万,2.5万,https://www.levels.fyi/zh-cn/companies/coinbase/salaries/software-engineer/locations/canada?country=43,2026-01-27 23:31:08
Coinbase,软件工程师,Canada - Greater Toronto Area,"CoinbaseToronto, ON, Canada",2025/10/18,IC4,Web Development (Front-End),7年,2年,163309,10.7万,5.6万,不适用,https://www.levels.fyi/zh-cn/companies/coinbase/salaries/software-engineer/locations/greater-toronto-area?dma=950,2026-01-27 23:31:13
Coinbase,软件工程师,Canada - Greater Vancouver,"CoinbaseVancouver, BC, Canada",2025/05/11,IC3,Web Development (Front-End),1年,1年,130526,9.3万,3.7万,不适用,https://www.levels.fyi/zh-cn/companies/coinbase/salaries/software-engineer/locations/greater-vancouver?dma=984,2026-01-27 23:31:18
Coinbase,软件工程师,Canada - Greater Vancouver,"CoinbaseVancouver, BC, Canada",2025/04/23,IC5,Distributed Systems (Back-End),10年,0年,275696,13.9万,13.2万,5420,https://www.levels.fyi/zh-cn/companies/coinbase/salaries/software-engineer/locations/greater-vancouver?dma=984,2026-01-27 23:31:18
Coinbase,软件工程师,Canada - Greater Montreal,"CoinbaseMontreal, QC, Canada",2025/12/02,IC5,API Development (Back-End),8年,2年,282841,13.7万,13.1万,1.4万,https://www.levels.fyi/zh-cn/companies/coinbase/salaries/software-engineer/locations/greater-montreal?dma=921,2026-01-27 23:31:23
Coinbase,软件工程师,Canada - Greater Montreal,"CoinbaseMontreal, QC, Canada",2025/11/15,IC4,API Development (Back-End),5年,1年,157503,10.3万,5.4万,不适用,https://www.levels.fyi/zh-cn/companies/coinbase/salaries/software-engineer/locations/greater-montreal?dma=921,2026-01-27 23:31:23
Coinbase,软件工程师,Brazil,"CoinbaseSao Paulo, SP, Brazil",2025/11/26,IC5,API Development (Back-End),12年,2年,182068,8.5万,8.7万,9289.2,https://www.levels.fyi/zh-cn/companies/coinbase/salaries/software-engineer/locations/brazil?country=33,2026-01-27 23:31:28
Coinbase,软件工程师,Brazil,"CoinbaseSao Paulo, SP, Brazil",2025/10/22,IC3,API Development (Back-End),3年,1年,77204,5万,2.5万,2598.2,https://www.levels.fyi/zh-cn/companies/coinbase/salaries/software-engineer/locations/brazil?country=33,2026-01-27 23:31:28
Coinbase,软件工程师,Brazil,"CoinbaseSao Paulo, SP, Brazil",2025/09/05,IC4,API Development (Back-End),10年,3年,99126,6.1万,3.5万,2937.1,https://www.levels.fyi/zh-cn/companies/coinbase/salaries/software-engineer/locations/brazil?country=33,2026-01-27 23:31:28
Coinbase,软件工程师,United Kingdom,"CoinbaseLondon, EN, United Kingdom",2025/08/01,IC3,API Development (Back-End),1年,0年,124957,9.5万,2.5万,4755.2,https://www.levels.fyi/zh-cn/companies/coinbase/salaries/software-engineer/locations/united-kingdom?country=253,2026-01-27 23:31:40
Coinbase,软件工程师,United Kingdom,"CoinbaseLondon, EN, United Kingdom",2025/07/01,IC4,Distributed Systems (Back-End),7年,0年,220234,15.6万,5.6万,8258.8,https://www.levels.fyi/zh-cn/companies/coinbase/salaries/software-engineer/locations/united-kingdom?country=253,2026-01-27 23:31:40
Coinbase,软件工程师,United Kingdom,"CoinbaseLondon, EN, United Kingdom",2025/04/27,IC4,API Development (Back-End),5年,0年,213006,15万,5.6万,6656.5,https://www.levels.fyi/zh-cn/companies/coinbase/salaries/software-engineer/locations/united-kingdom?country=253,2026-01-27 23:31:40
Coinbase,产品经理,United States,"CoinbaseSeattle, WA",2025/10/29,IC5,Technical,8年,0年,230000,16.4万,5万,1.6万,https://www.levels.fyi/zh-cn/companies/coinbase/salaries/product-manager?country=254,2026-01-27 23:32:10
Coinbase,产品经理,United States,"CoinbaseNew York, NY",2025/08/09,IC3,Consumer,1年,0年,100000,10万,不适用,不适用,https://www.levels.fyi/zh-cn/companies/coinbase/salaries/product-manager?country=254,2026-01-27 23:32:10
Coinbase,产品经理,United States,"CoinbaseNew York, NY",2025/08/05,IC6,General,12年,0年,556000,24.4万,27.6万,3.6万,https://www.levels.fyi/zh-cn/companies/coinbase/salaries/product-manager?country=254,2026-01-27 23:32:10
Coinbase,产品经理,United States - New York City Area,"CoinbaseNew York, NY",2025/07/01,IC6,Technical,5年,1年,790000,22万,32万,25万,https://www.levels.fyi/zh-cn/companies/coinbase/salaries/product-manager/locations/new-york-city-area?dma=501,2026-01-27 23:32:15
Coinbase,产品经理,"United States - Charlotte, NC Greater Area","CoinbaseCharlotte, NC",2025/04/26,IC5,Internal,5年,0年,205000,14万,5万,1.5万,https://www.levels.fyi/zh-cn/companies/coinbase/salaries/product-manager/locations/charlotte-nc-greater-area?dma=517,2026-01-27 23:32:21
Coinbase,产品经理,United States - San Francisco Bay Area,"CoinbaseSan Francisco, CA",2025/03/19,IC8,Consumer,20年,4年,1010000,34万,60万,7万,https://www.levels.fyi/zh-cn/companies/coinbase/salaries/product-manager/locations/san-francisco-bay-area?dma=807,2026-01-27 23:32:26
Coinbase,产品经理,United States - San Francisco Bay Area,"CoinbaseSan Francisco, CA",2025/02/01,IC4,General,2年,0年,254000,17万,7.6万,8000,https://www.levels.fyi/zh-cn/companies/coinbase/salaries/product-manager/locations/san-francisco-bay-area?dma=807,2026-01-27 23:32:26
Coinbase,产品经理,United States - San Francisco Bay Area,"CoinbaseSan Francisco, CA",2024/09/08,IC6,Product,10年,2年,584000,23.6万,27.6万,7.2万,https://www.levels.fyi/zh-cn/companies/coinbase/salaries/product-manager/locations/san-francisco-bay-area?dma=807,2026-01-27 23:32:26
Coinbase,产品设计师,United States,"CoinbaseSan Francisco, CA",2025/12/26,IC6,User Experience (UX),8年,1年,476000,24万,20万,3.6万,https://www.levels.fyi/zh-cn/companies/coinbase/salaries/product-designer?country=254,2026-01-27 23:32:42
Coinbase,产品设计师,United States,"CoinbaseAustin, TX",2025/12/23,IC5,User Experience (UX),8年,0年,205000,20.5万,不适用,不适用,https://www.levels.fyi/zh-cn/companies/coinbase/salaries/product-designer?country=254,2026-01-27 23:32:42
Coinbase,产品设计师,United States,"CoinbaseNew York, NY",2025/09/02,IC5,Interaction Design,6年,3年,360000,21.6万,12.4万,2万,https://www.levels.fyi/zh-cn/companies/coinbase/salaries/product-designer?country=254,2026-01-27 23:32:42
Coinbase,产品设计师,United States - New York City Area,"CoinbaseNew York, NY",2025/04/22,IC6,Interaction Design,6年,3年,494000,24.4万,20万,5万,https://www.levels.fyi/zh-cn/companies/coinbase/salaries/product-designer/locations/new-york-city-area?dma=501,2026-01-27 23:32:47
Coinbase,产品设计师,United States - New York City Area,"CoinbaseNew York, NY",2025/04/22,IC5,User Interfaces,6年,3年,366000,21.2万,12.4万,3万,https://www.levels.fyi/zh-cn/companies/coinbase/salaries/product-designer/locations/new-york-city-area?dma=501,2026-01-27 23:32:47
Coinbase,技术项目经理,United States,"CoinbaseNew York, NY",5 days ago,IC8,-,20年,2年,1140000,32万,75万,7万,https://www.levels.fyi/zh-cn/companies/coinbase/salaries/technical-program-manager?country=254,2026-01-27 23:33:40
Coinbase,技术项目经理,United States,"CoinbaseSan Francisco, CA",2026/01/18,IC7,-,20年,4年,600000,30万,30万,不适用,https://www.levels.fyi/zh-cn/companies/coinbase/salaries/technical-program-manager?country=254,2026-01-27 23:33:40
Coinbase,技术项目经理,United States,"CoinbaseNew York, NY",2025/08/12,IC5,-,10年,1年,340000,19.6万,12.4万,2万,https://www.levels.fyi/zh-cn/companies/coinbase/salaries/technical-program-manager?country=254,2026-01-27 23:33:40
Coinbase,招聘专员,United States,"CoinbaseNew York, NY",2026/01/08,IC5,Product/Design/Research,8年,5年,219000,15.4万,5万,1.5万,https://www.levels.fyi/zh-cn/companies/coinbase/salaries/recruiter?country=254,2026-01-27 23:34:12
Coinbase,招聘专员,United States,"CoinbaseSan Francisco, CA",2025/09/25,IC5,Leadership,10年,1年,215000,15万,5万,1.5万,https://www.levels.fyi/zh-cn/companies/coinbase/salaries/recruiter?country=254,2026-01-27 23:34:12
Coinbase,招聘专员,United States,"CoinbaseAustin, TX",2025/04/09,IC6,Sourcing,13年,4年,280000,16.2万,9万,2.8万,https://www.levels.fyi/zh-cn/companies/coinbase/salaries/recruiter?country=254,2026-01-27 23:34:12
Coinbase,软件工程经理,United States,"CoinbaseSan Francisco, CA",2025/11/24,M8,-,,11+年,750000,75万,不适用,不适用,https://www.levels.fyi/zh-cn/companies/coinbase/salaries/software-engineering-manager?country=254,2026-01-27 23:34:27
Coinbase,软件工程经理,United States,"CoinbaseSan Francisco, CA",2025/10/25,M7,AI/ML,18年,3年,810000,31万,45万,5万,https://www.levels.fyi/zh-cn/companies/coinbase/salaries/software-engineering-manager?country=254,2026-01-27 23:34:27
Coinbase,软件工程经理,United States,"CoinbaseBoston, MA",2025/08/13,M6,Blockchain,16年,3年,540000,23万,27.6万,3.4万,https://www.levels.fyi/zh-cn/companies/coinbase/salaries/software-engineering-manager?country=254,2026-01-27 23:34:27
Coinbase,软件工程经理,United States - San Francisco Bay Area,"CoinbaseSan Francisco, CA",2025/04/25,M6,-,19年,4年,530000,23万,27.6万,2.4万,https://www.levels.fyi/zh-cn/companies/coinbase/salaries/software-engineering-manager/locations/san-francisco-bay-area?dma=807,2026-01-27 23:34:32
Coinbase,软件工程经理,United States - Greater Seattle Area,"CoinbaseSeattle, WA",2025/07/21,M6,-,20年,3年,570000,25.6万,27.6万,3.8万,https://www.levels.fyi/zh-cn/companies/coinbase/salaries/software-engineering-manager/locations/greater-seattle-area?dma=819,2026-01-27 23:34:37
Coinbase,软件工程经理,United States - Greater Seattle Area,"CoinbaseSeattle, WA",2025/05/05,M6,-,9年,3年,582000,25.6万,27.6万,5万,https://www.levels.fyi/zh-cn/companies/coinbase/salaries/software-engineering-manager/locations/greater-seattle-area?dma=819,2026-01-27 23:34:37
Coinbase,软件工程经理,Canada,"CoinbaseVancouver, BC, Canada",2026/01/12,M6,-,10年,3年,289551,29万,不适用,不适用,https://www.levels.fyi/zh-cn/companies/coinbase/salaries/software-engineering-manager/locations/canada?country=43,2026-01-27 23:34:42
Coinbase,软件工程经理,Canada,"CoinbaseVancouver, BC, Canada",2025/07/12,L6,-,13年,0年,386876,15.9万,20.6万,2.2万,https://www.levels.fyi/zh-cn/companies/coinbase/salaries/software-engineering-manager/locations/canada?country=43,2026-01-27 23:34:42
Coinbase,软件工程经理,India,"CoinbaseBengaluru, KA, India",2025/11/04,M6,-,16年,1年,112750,11.3万,不适用,不适用,https://www.levels.fyi/zh-cn/companies/coinbase/salaries/software-engineering-manager/locations/india?country=113,2026-01-27 23:34:52
Coinbase,软件工程经理,India,"CoinbaseBengaluru, KA, India",2025/03/01,M6,-,15年,2年,211499,11.1万,8.5万,1.6万,https://www.levels.fyi/zh-cn/companies/coinbase/salaries/software-engineering-manager/locations/india?country=113,2026-01-27 23:34:52
Coinbase,市场营销,United States,"CoinbaseSan Francisco, CA",2025/08/03,IC5,-,5年,0年,150000,15万,不适用,不适用,https://www.levels.fyi/zh-cn/companies/coinbase/salaries/marketing?country=254,2026-01-27 23:35:56
Coinbase,市场营销,United States,"CoinbaseNew York, NY",2025/04/22,IC4,-,5年,0年,170000,17万,不适用,不适用,https://www.levels.fyi/zh-cn/companies/coinbase/salaries/marketing?country=254,2026-01-27 23:35:56
Coinbase,市场营销,United States,"CoinbaseCalifornia, MD",2025/01/31,IC5,-,6年,2年,150000,15万,不适用,不适用,https://www.levels.fyi/zh-cn/companies/coinbase/salaries/marketing?country=254,2026-01-27 23:35:56
Coinbase,财务分析师,United States,"CoinbaseNew York, NY",2025/11/11,IC3,Planning,2年,1年,138000,11.2万,2万,6000,https://www.levels.fyi/zh-cn/companies/coinbase/salaries/financial-analyst?country=254,2026-01-27 23:36:11
Coinbase,财务分析师,United States,"CoinbaseNew York, NY",2025/07/29,IC3,Planning,1年,1年,150000,11万,2万,2万,https://www.levels.fyi/zh-cn/companies/coinbase/salaries/financial-analyst?country=254,2026-01-27 23:36:11
Coinbase,项目经理,,"CoinbaseAtlanta, GA",2025/07/17,IC7,-,10年,4年,394000,20.4万,15万,4万,https://www.levels.fyi/zh-cn/companies/coinbase/salaries/project-manager,2026-01-27 23:36:25
Coinbase,项目经理,,"CoinbaseSan Francisco, CA",2024/05/10,IC8,HR,15年,2年,620000,27万,30万,5万,https://www.levels.fyi/zh-cn/companies/coinbase/salaries/project-manager,2026-01-27 23:36:26
Coinbase,数据分析师,United States,"CoinbaseNew York, NY",2025/05/13,Contractor,Marketing,9年,4年,191000,19.1万,不适用,不适用,https://www.levels.fyi/zh-cn/companies/coinbase/salaries/data-analyst?country=254,2026-01-27 23:36:36
Coinbase,数据分析师,United States,"CoinbaseSeattle, WA",2025/04/12,IC4,-,8年,1年,175000,17.5万,不适用,不适用,https://www.levels.fyi/zh-cn/companies/coinbase/salaries/data-analyst?country=254,2026-01-27 23:36:36
Coinbase,业务拓展,,"CoinbaseLos Angeles, CA",2026/01/14,IC5,Payments,5年,0年,291600,19.6万,7.6万,2万,https://www.levels.fyi/zh-cn/companies/coinbase/salaries/business-development,2026-01-27 23:36:53
Coinbase,业务拓展,,"CoinbaseSan Francisco, CA",2024/09/17,IC7,Payments,,5-10年,478000,24.2万,20万,3.6万,https://www.levels.fyi/zh-cn/companies/coinbase/salaries/business-development,2026-01-27 23:36:53
Coinbase,信息技术专员,,"CoinbaseSan Francisco, CA",2025/08/17,IC7,HR Engineering,25年,3年,510000,27万,20万,4万,https://www.levels.fyi/zh-cn/companies/coinbase/salaries/information-technologist,2026-01-27 23:37:05
Coinbase,信息技术专员,,"CoinbaseSan Francisco, CA",2023/08/26,IC3,IAM,8年,0年,373600,17.6万,18万,1.8万,https://www.levels.fyi/zh-cn/companies/coinbase/salaries/information-technologist,2026-01-27 23:37:05
Coinbase,数据科学经理,,"CoinbaseSeattle, WA",2023/01/09,IC6,Analytics,7年,1年,380000,22.2万,12.4万,3.4万,https://www.levels.fyi/zh-cn/companies/coinbase/salaries/data-science-manager,2026-01-27 23:37:11
Coinbase,数据科学经理,,"CoinbaseSeattle, WA",2022/10/16,IC6,Analytics,6年,1年,382000,22.2万,12.4万,3.6万,https://www.levels.fyi/zh-cn/companies/coinbase/salaries/data-science-manager,2026-01-27 23:37:11
Coinbase,法务,,"CoinbaseNew York, NY",2023/04/14,IC6,Legal,9年,1年,386000,24.8万,10万,3.8万,https://www.levels.fyi/zh-cn/companies/coinbase/salaries/legal,2026-01-27 23:37:18
Coinbase,法务,,"CoinbaseNew York, NY",2023/02/11,IC7,Tag,10年,2年,504000,29.8万,17.6万,3万,https://www.levels.fyi/zh-cn/companies/coinbase/salaries/legal,2026-01-27 23:37:18
Coinbase,用户体验研究员,,"CoinbaseNew York, NY",2023/02/01,IC7,User Research,10年,0年,480600,24.4万,20万,3.7万,https://www.levels.fyi/zh-cn/companies/coinbase/salaries/ux-researcher,2026-01-27 23:39:18
Coinbase,用户体验研究员,,"CoinbaseNew York, NY",2023/02/01,IC6,User Research,5年,0年,354000,20万,12.4万,3万,https://www.levels.fyi/zh-cn/companies/coinbase/salaries/ux-researcher,2026-01-27 23:39:18
Kraken,软件工程师,United States,"KrakenSan Francisco, CA",2025/10/28,L4,Data,9年,4年,382000,15万,23.2万,不适用,https://www.levels.fyi/zh-cn/companies/kraken/salaries/software-engineer?country=254,2026-01-27 23:39:39
Kraken,软件工程师,United States,"KrakenLos Angeles, CA",2025/08/26,L4,DevOps,7年,3年,165000,16.5万,不适用,不适用,https://www.levels.fyi/zh-cn/companies/kraken/salaries/software-engineer?country=254,2026-01-27 23:39:39
Kraken,软件工程师,United States,"KrakenSan Francisco, CA",2025/06/30,L4,Distributed Systems (Back-End),12年,2年,386000,24万,11万,3.6万,https://www.levels.fyi/zh-cn/companies/kraken/salaries/software-engineer?country=254,2026-01-27 23:39:39
Kraken,软件工程师,United States - Greater Los Angeles Area,"KrakenLos Angeles, CA",2025/03/27,L3,Web Development (Front-End),8年,3年,163000,12.5万,2.6万,1.2万,https://www.levels.fyi/zh-cn/companies/kraken/salaries/software-engineer/locations/greater-los-angeles-area?dma=803,2026-01-27 23:39:49
Kraken,产品经理,,"KrakenSeattle, WA",2025/11/20,L6,Growth,10年,1年,540000,25万,25万,4万,https://www.levels.fyi/zh-cn/companies/kraken/salaries/product-manager,2026-01-27 23:40:08
Kraken,产品经理,,"KrakenSan Francisco, CA",2025/01/01,L3,Infrastructure,5年,1年,170000,16万,1万,不适用,https://www.levels.fyi/zh-cn/companies/kraken/salaries/product-manager,2026-01-27 23:40:08
Gemini,软件工程师,United States,"GeminiNew York, NY",2025/12/23,Staff Software Engineer,Distributed Systems (Back-End),13年,4年,250000,25万,不适用,不适用,https://www.levels.fyi/zh-cn/companies/gemini/salaries/software-engineer?country=254,2026-01-27 23:42:25
Gemini,软件工程师,United States,"GeminiChicago, IL",2025/12/16,Senior Software Engineer,API Development (Back-End),10年,1年,250000,25万,不适用,不适用,https://www.levels.fyi/zh-cn/companies/gemini/salaries/software-engineer?country=254,2026-01-27 23:42:25
Gemini,软件工程师,United States,"GeminiSeattle, WA",2025/12/12,Software Engineer,Web Development (Front-End),7年,1年,159000,14.9万,1万,不适用,https://www.levels.fyi/zh-cn/companies/gemini/salaries/software-engineer?country=254,2026-01-27 23:42:25
Gemini,软件工程师,United States - New York City Area,"GeminiNew York, NY",2025/11/30,Senior Software Engineer,API Development (Back-End),5年,3年,241000,18.5万,5.6万,不适用,https://www.levels.fyi/zh-cn/companies/gemini/salaries/software-engineer/locations/new-york-city-area?dma=501,2026-01-27 23:42:30
Gemini,软件工程师,United States - New York City Area,"GeminiNew York, NY",2025/11/12,Staff Software Engineer,Blockchain,14年,1年,294000,24万,3万,2.4万,https://www.levels.fyi/zh-cn/companies/gemini/salaries/software-engineer/locations/new-york-city-area?dma=501,2026-01-27 23:42:30
Legalon Technologies,软件工程师,查看所有数据,"Legalon TechnologiesTokyo, TY, Japan",2025/09/11,L5,Web Development (Front-End),19年,6年,50871,5.1万,不适用,不适用,https://www.levels.fyi/zh-cn/t/software-engineer?search=Gemini&countryId=122&country=122,2026-01-27 23:42:36
Gemini,产品经理,United States,"GeminiNew York, NY",2025/08/29,Product Manager,Growth,12年,1年,276000,+US$1.5万,,,https://www.levels.fyi/zh-cn/companies/gemini/salaries/product-manager?country=254,2026-01-27 23:42:44
Gemini,产品经理,United States,"GeminiMiami, FL",2025/03/21,Principal Product Manager,General,15年,1年,240000,24万,不适用,不适用,https://www.levels.fyi/zh-cn/companies/gemini/salaries/product-manager?country=254,2026-01-27 23:42:44
Gemini,软件工程经理,,"GeminiNew York, NY",2025/11/24,L4,hidden,,11+年,316000,24.8万,5万,1.8万,https://www.levels.fyi/zh-cn/companies/gemini/salaries/software-engineering-manager,2026-01-27 23:42:53
Gemini,软件工程经理,,"GeminiNew Delhi, DL, India",2023/09/01,ADF5,-,8年,0年,137876,11.5万,不适用,2.3万,https://www.levels.fyi/zh-cn/companies/gemini/salaries/software-engineering-manager,2026-01-27 23:42:53
Gemini,产品设计师,,"GeminiNew York, NY",2023/09/29,L2,User Experience (UX),3年,1年,100000,10万,不适用,不适用,https://www.levels.fyi/zh-cn/companies/gemini/salaries/product-designer,2026-01-27 23:42:58
Gemini,招聘专员,,"GeminiNew York, NY",2025/04/18,ADF3,Sourcing,6年,1年,120000,12万,不适用,不适用,https://www.levels.fyi/zh-cn/companies/gemini/salaries/recruiter,2026-01-27 23:43:02
Gemini,招聘专员,,"GeminiSan Francisco, CA",2022/09/08,L6,Leadership,15年,1年,260000,23万,不适用,3万,https://www.levels.fyi/zh-cn/companies/gemini/salaries/recruiter,2026-01-27 23:43:02
Gemini,市场营销,,"GeminiNew York, NY",2023/01/11,,hidden,,5-10年,200000,20万,不适用,不适用,https://www.levels.fyi/zh-cn/companies/gemini/salaries/marketing,2026-01-27 23:43:30
Gemini,市场营销,,"GeminiNew York, NY",2022/08/01,1,-,5年,5年,120000,12万,不适用,不适用,https://www.levels.fyi/zh-cn/companies/gemini/salaries/marketing,2026-01-27 23:43:30
Crypto.com,软件工程师,Taiwan,"Crypto.comTaipei, TP, Taiwan",6 days ago,L3,API Development (Back-End),3年,1年,67080,5.4万,1.3万,不适用,https://www.levels.fyi/zh-cn/companies/cryptocom/salaries/software-engineer?country=236,2026-01-27 23:44:06
Crypto.com,软件工程师,Taiwan,"Crypto.comTaipei, TP, Taiwan",2026/01/20,Senior,API Development (Back-End),8年,4年,75903,7.6万,不适用,不适用,https://www.levels.fyi/zh-cn/companies/cryptocom/salaries/software-engineer?country=236,2026-01-27 23:44:06
Crypto.com,软件工程师,Taiwan,"Crypto.comTaipei, TP, Taiwan",2025/08/22,L3,Full Stack,15年,1年,88315,8.8万,不适用,不适用,https://www.levels.fyi/zh-cn/companies/cryptocom/salaries/software-engineer?country=236,2026-01-27 23:44:06
Crypto.com,软件工程师,Hong Kong (SAR),"Crypto.comHong Kong, HK, Hong Kong (SAR)",2025/11/05,-,Full Stack,8年,3年,83592,7.7万,6430.1,不适用,https://www.levels.fyi/zh-cn/companies/cryptocom/salaries/software-engineer/locations/hong-kong-sar?country=109,2026-01-27 23:44:17
Crypto.com,软件工程师,Hong Kong (SAR),"Crypto.comHong Kong, HK, Hong Kong (SAR)",2025/04/16,L3,Full Stack,5年,1年,103070,8.2万,2.1万,不适用,https://www.levels.fyi/zh-cn/companies/cryptocom/salaries/software-engineer/locations/hong-kong-sar?country=109,2026-01-27 23:44:17
Crypto.com,软件工程师,Hong Kong (SAR),"Crypto.comHong Kong, HK, Hong Kong (SAR)",2025/01/20,Senior,Distributed Systems (Back-End),3年,0年,86732,6.9万,1.7万,不适用,https://www.levels.fyi/zh-cn/companies/cryptocom/salaries/software-engineer/locations/hong-kong-sar?country=109,2026-01-27 23:44:17
Crypto.com,软件工程师,United Kingdom,"Crypto.comLondon, EN, United Kingdom",2025/02/04,Senior,ML / AI,5年,2年,144069,11.4万,3万,不适用,https://www.levels.fyi/zh-cn/companies/cryptocom/salaries/software-engineer/locations/united-kingdom?country=253,2026-01-27 23:44:28
Crypto.com,软件工程师,United Kingdom,"Crypto.comLondon, EN, United Kingdom",2025/02/01,Software Engineer,API Development (Back-End),8年,3年,127731,8.6万,2.1万,2.1万,https://www.levels.fyi/zh-cn/companies/cryptocom/salaries/software-engineer/locations/united-kingdom?country=253,2026-01-27 23:44:28
Crypto.com,软件工程师,Singapore,"Crypto.comSingapore, SG, Singapore",2025/04/11,2,Data,3年,1年,81100,6.3万,9011.2,9011.2,https://www.levels.fyi/zh-cn/companies/cryptocom/salaries/software-engineer/locations/singapore?country=219,2026-01-27 23:44:41
Crypto.com,软件工程师,Singapore,"Crypto.comSingapore, SG, Singapore",2025/03/31,L3,General,1年,0年,67000,6.7万,不适用,不适用,https://www.levels.fyi/zh-cn/companies/cryptocom/salaries/software-engineer/locations/singapore?country=219,2026-01-27 23:44:41
Crypto.com,产品经理,,"Crypto.comSingapore, SG, Singapore",2025/08/14,,hidden,,5-10年,164854,11.3万,2.1万,3.1万,https://www.levels.fyi/zh-cn/companies/cryptocom/salaries/product-manager,2026-01-27 23:44:50
Crypto.com,产品经理,,"Crypto.comNew York, NY",2025/05/14,L3,Technical,2年,2年,120000,12万,不适用,不适用,https://www.levels.fyi/zh-cn/companies/cryptocom/salaries/product-manager,2026-01-27 23:44:50
OKX,软件工程师,Singapore,"OKXSingapore, SG, Singapore",2025/12/13,P5,API Development (Back-End),4年,2年,113832,9.8万,不适用,1.6万,https://www.levels.fyi/zh-cn/companies/okx/salaries/software-engineer?country=219,2026-01-27 23:46:04
OKX,软件工程师,Singapore,"OKXSingapore, SG, Singapore",2025/12/10,P6.1,API Development (Back-End),6年,3年,147384,13.7万,1万,不适用,https://www.levels.fyi/zh-cn/companies/okx/salaries/software-engineer?country=219,2026-01-27 23:46:04
OKX,软件工程师,Singapore,"OKXSingapore, SG, Singapore",2025/12/04,P6.2,Mobile (iOS + Android),14年,3年,180691,12.5万,3.5万,2.1万,https://www.levels.fyi/zh-cn/companies/okx/salaries/software-engineer?country=219,2026-01-27 23:46:04
OKX,软件工程师,Hong Kong (SAR),"OKXHong Kong, HK, Hong Kong (SAR)",4 days ago,P4,Distributed Systems (Back-End),1年,1年,64633,6.5万,不适用,不适用,https://www.levels.fyi/zh-cn/companies/okx/salaries/software-engineer/locations/hong-kong-sar?country=109,2026-01-27 23:46:10
OKX,软件工程师,Hong Kong (SAR),"OKXHong Kong, HK, Hong Kong (SAR)",2025/12/19,P6.1,API Development (Back-End),8年,1年,151661,11.1万,2.3万,1.8万,https://www.levels.fyi/zh-cn/companies/okx/salaries/software-engineer/locations/hong-kong-sar?country=109,2026-01-27 23:46:10
OKX,软件工程师,Hong Kong (SAR),"OKXHong Kong, HK, Hong Kong (SAR)",2025/11/10,P5,Mobile (iOS + Android),9年,3年,108053,9.3万,不适用,1.5万,https://www.levels.fyi/zh-cn/companies/okx/salaries/software-engineer/locations/hong-kong-sar?country=109,2026-01-27 23:46:10
OKX,软件工程师,United States,"OKXSan Jose, CA",2026/01/09,P6.1,Testing (SDET),10年,2年,250000,22万,3万,不适用,https://www.levels.fyi/zh-cn/companies/okx/salaries/software-engineer/locations/united-states?country=254,2026-01-27 23:46:20
OKX,软件工程师,United States,"OKXSan Jose, CA",2025/12/19,L6,Security,15年,1年,600000,34万,20万,6万,https://www.levels.fyi/zh-cn/companies/okx/salaries/software-engineer/locations/united-states?country=254,2026-01-27 23:46:20
OKX,软件工程师,United States,"OKXSan Jose, CA",2025/11/25,P4,API Development (Back-End),1年,1年,120000,12万,不适用,不适用,https://www.levels.fyi/zh-cn/companies/okx/salaries/software-engineer/locations/united-states?country=254,2026-01-27 23:46:20
OKX,软件工程师,China,"OKXBeijing, BJ, China",2025/12/03,P7.1,Full Stack,7年,2年,158404,15.3万,5657.3,不适用,https://www.levels.fyi/zh-cn/companies/okx/salaries/software-engineer/locations/china?country=49,2026-01-27 23:46:29
OKX,软件工程师,China,"OKXGuangdong, GD, China",2025/05/16,P6.2,Blockchain,10年,0年,101290,8万,2.1万,不适用,https://www.levels.fyi/zh-cn/companies/okx/salaries/software-engineer/locations/china?country=49,2026-01-27 23:46:29
OKX,产品经理,Singapore,"OKXSingapore, SG, Singapore",6 days ago,P6.2,Internal,8年,3年,194994,14万,3.1万,2.3万,https://www.levels.fyi/zh-cn/companies/okx/salaries/product-manager?country=219,2026-01-27 23:46:50
OKX,产品经理,Singapore,"OKXSingapore, SG, Singapore",2025/12/18,P6.1,General,5年,0年,92915,9.3万,不适用,不适用,https://www.levels.fyi/zh-cn/companies/okx/salaries/product-manager?country=219,2026-01-27 23:46:50
OKX,产品经理,Singapore,"OKXSingapore, SG, Singapore",2025/09/30,P6.2,Technical,6年,0年,130203,13万,不适用,不适用,https://www.levels.fyi/zh-cn/companies/okx/salaries/product-manager?country=219,2026-01-27 23:46:50
OKX,产品经理,Hong Kong (SAR),"OKXHong Kong, HK, Hong Kong (SAR)",2026/01/08,P7.1,Consumer,7年,4年,310553,23.4万,不适用,7.7万,https://www.levels.fyi/zh-cn/companies/okx/salaries/product-manager/locations/hong-kong-sar?country=109,2026-01-27 23:46:55
OKX,产品经理,Hong Kong (SAR),"OKXHong Kong, HK, Hong Kong (SAR)",2026/01/06,P6.2,Technical,7年,2年,102764,10.3万,不适用,不适用,https://www.levels.fyi/zh-cn/companies/okx/salaries/product-manager/locations/hong-kong-sar?country=109,2026-01-27 23:46:55
OKX,产品经理,Hong Kong (SAR),"OKXHong Kong, HK, Hong Kong (SAR)",2025/09/17,P7.2,General,10年,3年,385815,25.7万,不适用,12.9万,https://www.levels.fyi/zh-cn/companies/okx/salaries/product-manager/locations/hong-kong-sar?country=109,2026-01-27 23:46:55
Okx,产品经理,United States,"OkxSan Jose, CA",2025/07/04,6-2,Growth,10年,2年,233000,20万,不适用,3.3万,https://www.levels.fyi/zh-cn/companies/okx/salaries/product-manager/locations/united-states?country=254,2026-01-27 23:47:05
OKX,产品经理,United States,"OKXNew York, NY",2025/06/01,P6.2,Growth,7年,0年,463010,+US$3.8万,,,https://www.levels.fyi/zh-cn/companies/okx/salaries/product-manager/locations/united-states?country=254,2026-01-27 23:47:05
OKX,产品经理,United States,"OKXSan Francisco, CA",2024/10/29,P6.2,General,9年,0年,374000,+US$2.4万,,,https://www.levels.fyi/zh-cn/companies/okx/salaries/product-manager/locations/united-states?country=254,2026-01-27 23:47:05
OKX,数据分析师,Singapore,"OKXSingapore, SG, Singapore",2025/06/01,P5,-,4年,1年,129277,11.1万,不适用,1.9万,https://www.levels.fyi/zh-cn/companies/okx/salaries/data-analyst?country=219,2026-01-27 23:47:25
OKX,数据分析师,Singapore,"OKXSingapore, SG, Singapore",2025/05/06,L6-1,-,9年,1年,120494,9.7万,不适用,2.3万,https://www.levels.fyi/zh-cn/companies/okx/salaries/data-analyst?country=219,2026-01-27 23:47:25
OKX,网络安全分析师,United States,"OKXSan Jose, CA",2025/06/23,P6-1,Cyber Risk,6年,2年,280000,19.2万,2.4万,6.4万,https://www.levels.fyi/zh-cn/companies/okx/salaries/security-analyst?country=254,2026-01-27 23:47:44
OKX,软件工程经理,,"OKXSingapore, SG, Singapore",2025/04/17,Manager,Mobile,11年,1年,271039,18.3万,5.8万,3万,https://www.levels.fyi/zh-cn/companies/okx/salaries/software-engineering-manager,2026-01-27 23:47:58
OKX,软件工程经理,,"OKXSingapore, SG, Singapore",2024/12/31,Manager,-,11年,0年,264821,26.5万,不适用,不适用,https://www.levels.fyi/zh-cn/companies/okx/salaries/software-engineering-manager,2026-01-27 23:47:58
OKX,业务分析师,,"OKXHong Kong, HK, Hong Kong (SAR)",2024/10/17,P6.1,Analysis,7年,3年,123489,12.3万,不适用,不适用,https://www.levels.fyi/zh-cn/companies/okx/salaries/business-analyst,2026-01-27 23:48:03
Bitstamp,软件工程师,Slovenia,"BitstampLjubljana, LB, Slovenia",2 days ago,,hidden,,5-10年,55345,5.5万,不适用,不适用,https://www.levels.fyi/zh-cn/companies/bitstamp/salaries/software-engineer?country=221,2026-01-27 23:49:59
AscendEX,软件工程师,United States,"AscendEXNew York, NY",2025/07/26,L3,API Development (Back-End),3年,1年,110000,11万,不适用,不适用,https://www.levels.fyi/zh-cn/companies/ascendex/salaries/software-engineer?country=254,2026-01-27 23:51:02
Bybit,软件工程师,Malaysia,"BybitKuala Lumpur, KL, Malaysia",2025/12/19,P5,API Development (Back-End),8年,0年,113000,8.2万,不适用,3.1万,https://www.levels.fyi/zh-cn/companies/bybit/salaries/software-engineer?country=149,2026-01-27 23:52:10
Bybit,软件工程师,Malaysia,"BybitKuala Lumpur, KL, Malaysia",2025/09/16,5,API Development (Back-End),6年,1年,109868,8万,不适用,3万,https://www.levels.fyi/zh-cn/companies/bybit/salaries/software-engineer?country=149,2026-01-27 23:52:10
Bybit,软件工程师,Singapore,"BybitSingapore, SG, Singapore",5 days ago,L5,Web Development (Front-End),5年,1年,130882,13.1万,不适用,不适用,https://www.levels.fyi/zh-cn/companies/bybit/salaries/software-engineer/locations/singapore?country=219,2026-01-27 23:52:19
Bybit,软件工程师,Singapore,"BybitSingapore, SG, Singapore",2025/02/23,L3,hidden,,5-10年,112258,11.2万,不适用,不适用,https://www.levels.fyi/zh-cn/companies/bybit/salaries/software-engineer/locations/singapore?country=219,2026-01-27 23:52:19
Bybit,软件工程师,Singapore,"BybitSingapore, SG, Singapore",2024/07/07,P5,Web Development (Front-End),5年,1年,88902,8.9万,不适用,不适用,https://www.levels.fyi/zh-cn/companies/bybit/salaries/software-engineer/locations/singapore?country=219,2026-01-27 23:52:19
Bybit,数据分析师,,"BybitSingapore, SG, Singapore",2024/01/30,Senior Data Scientist,"NLP,  Machine learning",5年,2年,117965,8.1万,不适用,3.7万,https://www.levels.fyi/zh-cn/companies/bybit/salaries/data-analyst,2026-01-27 23:52:29
Ava Labs,软件工程师,United States,"Ava LabsLos Angeles, CA",2025/08/13,Staff Engineer,Data,7年,2年,298000,24万,5.8万,不适用,https://www.levels.fyi/zh-cn/companies/ava-labs/salaries/software-engineer?country=254,2026-01-27 23:53:37
Ava Labs,软件工程师,United States,"Ava LabsBrooklyn, NY",2025/07/06,L2,Data,3年,3年,166000,12万,4.6万,不适用,https://www.levels.fyi/zh-cn/companies/ava-labs/salaries/software-engineer?country=254,2026-01-27 23:53:37
Ava Labs,软件工程师,United States,"Ava LabsNew York, NY",2025/05/01,,hidden,,5-10年,254000,+US$1万,,,https://www.levels.fyi/zh-cn/companies/ava-labs/salaries/software-engineer?country=254,2026-01-27 23:53:37
Polygon Technology,软件工程师,,"Polygon TechnologyAtlanta, GA",2023/10/01,L3,Blockchain,11年,1年,220000,20万,2万,不适用,https://www.levels.fyi/zh-cn/companies/polygon-technology/salaries/software-engineer,2026-01-27 23:54:57
Polygon Technology,软件工程师,,"Polygon TechnologyBengaluru, KA, India",2023/07/16,L1,Software Engineer,1年,1年,13402,1.3万,不适用,不适用,https://www.levels.fyi/zh-cn/companies/polygon-technology/salaries/software-engineer,2026-01-27 23:54:57
Polygon Technology,软件工程师,,"Polygon TechnologyNew York, NY",2023/06/26,L3,DevOps,8年,1年,220000,20万,2万,不适用,https://www.levels.fyi/zh-cn/companies/polygon-technology/salaries/software-engineer,2026-01-27 23:54:57
Ripple,软件工程师,United States,"RippleSan Francisco, CA",2026/01/12,Software Engineer I,Blockchain,1年,0年,140000,13.5万,5000,不适用,https://www.levels.fyi/zh-cn/companies/ripple/salaries/software-engineer?country=254,2026-01-27 23:56:47
Ripple,软件工程师,United States,"RippleSan Francisco, CA",2026/01/02,Software Engineer II,Web Development (Front-End),4年,3年,210000,15万,6万,不适用,https://www.levels.fyi/zh-cn/companies/ripple/salaries/software-engineer?country=254,2026-01-27 23:56:47
Ripple,软件工程师,United States,"RippleNew York, NY",2025/12/20,Senior Software Engineer,Full Stack,6年,1年,190000,19万,不适用,不适用,https://www.levels.fyi/zh-cn/companies/ripple/salaries/software-engineer?country=254,2026-01-27 23:56:47
Ripple,软件工程师,United States - San Francisco Bay Area,"RippleSan Francisco, CA",2025/10/16,L2,Full Stack,6年,3年,168000,16.8万,不适用,不适用,https://www.levels.fyi/zh-cn/companies/ripple/salaries/software-engineer/locations/san-francisco-bay-area?dma=807,2026-01-27 23:56:52
Ripple,软件工程师,United States - New York City Area,"RippleNew York, NY",2025/05/16,Software Engineer II,API Development (Back-End),5年,5年,214000,15.8万,4.1万,1.5万,https://www.levels.fyi/zh-cn/companies/ripple/salaries/software-engineer/locations/new-york-city-area?dma=501,2026-01-27 23:56:57
Ripple,软件工程师,United States - New York City Area,"RippleNew York, NY",2025/04/09,Software Engineer I,Blockchain,2年,2年,130000,13万,不适用,不适用,https://www.levels.fyi/zh-cn/companies/ripple/salaries/software-engineer/locations/new-york-city-area?dma=501,2026-01-27 23:56:57
Ripple,软件工程师,United Kingdom,"RippleLondon, EN, United Kingdom",2025/11/04,300,Web Development (Front-End),10年,2年,164476,13.8万,2.6万,不适用,https://www.levels.fyi/zh-cn/companies/ripple/salaries/software-engineer/locations/united-kingdom?country=253,2026-01-27 23:57:02
Ripple,软件工程师,United Kingdom,"RippleLondon, EN, United Kingdom",2025/09/05,Senior Software Engineer,Full Stack,7年,3年,254148,13.7万,9.4万,2.3万,https://www.levels.fyi/zh-cn/companies/ripple/salaries/software-engineer/locations/united-kingdom?country=253,2026-01-27 23:57:02
Ripple,软件工程师,United Kingdom,"RippleLondon, EN, United Kingdom",2025/07/11,Senior Software Engineer,DevOps,10年,1年,149236,14.9万,不适用,不适用,https://www.levels.fyi/zh-cn/companies/ripple/salaries/software-engineer/locations/united-kingdom?country=253,2026-01-27 23:57:02
Ripple,软件工程师,Canada,"RippleToronto, ON, Canada",2025/06/11,Software Engineer I,Distributed Systems (Back-End),2年,1年,135795,9.7万,2.9万,9498.1,https://www.levels.fyi/zh-cn/companies/ripple/salaries/software-engineer/locations/canada?country=43,2026-01-27 23:57:12
Ripple,软件工程师,Canada,"RippleToronto, ON, Canada",2025/03/14,Software Engineer II,Full Stack,7年,2年,90246,9万,不适用,不适用,https://www.levels.fyi/zh-cn/companies/ripple/salaries/software-engineer/locations/canada?country=43,2026-01-27 23:57:12
Ripple,软件工程师,Switzerland,"RippleGeneva, GE, Switzerland",2026/01/17,Senior Software Engineer,Full Stack,8年,1年,186879,17.4万,不适用,1.2万,https://www.levels.fyi/zh-cn/companies/ripple/salaries/software-engineer/locations/switzerland?country=234,2026-01-27 23:57:22
Ripple,软件工程师,Switzerland,"RippleGeneva, GE, Switzerland",2025/11/23,Senior Software Engineer,hidden,6年,2年,464464,16.1万,28.2万,2.2万,https://www.levels.fyi/zh-cn/companies/ripple/salaries/software-engineer/locations/switzerland?country=234,2026-01-27 23:57:22
Ripple,数据科学家,United States,"RippleSan Francisco, CA",2025/12/16,Data Scientist II,Finance,7年,3年,180000,17万,不适用,1万,https://www.levels.fyi/zh-cn/companies/ripple/salaries/data-scientist?country=254,2026-01-27 23:57:41
Ripple,数据科学家,United States,"RippleSan Francisco, CA",2025/08/05,Data Scientist II,Finance,5年,2年,160000,16万,不适用,不适用,https://www.levels.fyi/zh-cn/companies/ripple/salaries/data-scientist?country=254,2026-01-27 23:57:41
Ripple,用户体验研究员,,"RippleSan Francisco, CA",2024/11/24,-,-,4年,3年,197000,15.2万,3万,1.5万,https://www.levels.fyi/zh-cn/companies/ripple/salaries/ux-researcher,2026-01-27 23:57:58
Ripple,用户体验研究员,,"RippleSan Francisco, CA",2023/03/29,-,User Research,2年,1年,178000,+US$1.5万,,,https://www.levels.fyi/zh-cn/companies/ripple/salaries/ux-researcher,2026-01-27 23:57:58
Ripple,软件工程经理,,"RippleSan Francisco, CA",2022/12/01,L5,Distributed Systems (Back-End),18年,0年,230000,23万,不适用,不适用,https://www.levels.fyi/zh-cn/companies/ripple/salaries/software-engineering-manager,2026-01-27 23:58:49
Ripple,软件工程经理,,"RippleSan Francisco, CA",2022/08/01,500,Full Stack,14年,0年,532800,26.4万,20万,6.9万,https://www.levels.fyi/zh-cn/companies/ripple/salaries/software-engineering-manager,2026-01-27 23:58:49
Algorand,软件工程师,,"AlgorandBoston, MA",2024/03/05,L5,Blockchain,10年,2年,290000,22万,5万,2万,https://www.levels.fyi/zh-cn/companies/algorand/salaries/software-engineer,2026-01-27 23:59:42
Algorand,软件工程师,,"AlgorandBoston, MA",2023/12/01,,hidden,,2-4年,150000,15万,不适用,不适用,https://www.levels.fyi/zh-cn/companies/algorand/salaries/software-engineer,2026-01-27 23:59:42
LayerZero Labs,软件工程师,Canada,"LayerZero LabsVancouver, BC, Canada",2026/01/13,L4,API Development (Back-End),6年,1年,187441,18.7万,不适用,不适用,https://www.levels.fyi/zh-cn/companies/layerzero-labs/salaries/software-engineer?country=43,2026-01-28 00:01:36
LayerZero Labs,软件工程师,Canada,"LayerZero LabsVancouver, BC, Canada",2025/08/08,-,Genera,5年,1年,190000,16.5万,2.5万,不适用,https://www.levels.fyi/zh-cn/companies/layerzero-labs/salaries/software-engineer?country=43,2026-01-28 00:01:36
Parity Technologies,软件工程师,United Kingdom,"Parity TechnologiesLondon, EN, United Kingdom",2025/11/12,L3,Blockchain,3年,0年,96143,9.6万,不适用,不适用,https://www.levels.fyi/zh-cn/companies/parity-technologies/salaries/software-engineer?country=253,2026-01-28 00:02:14
DFINITY,软件工程师,Switzerland,"DFINITYZurich, ZH, Switzerland",2025/10/19,L5,Blockchain,15年,3年,376648,22.6万,15.1万,不适用,https://www.levels.fyi/zh-cn/companies/dfinity/salaries/software-engineer?country=234,2026-01-28 00:03:46
DFINITY,软件工程师,Switzerland,"DFINITYZurich, ZH, Switzerland",2025/05/22,L3,DevOps,3年,1年,182136,17万,1.2万,不适用,https://www.levels.fyi/zh-cn/companies/dfinity/salaries/software-engineer?country=234,2026-01-28 00:03:46
DFINITY,软件工程师,Switzerland,"DFINITYZurich, ZH, Switzerland",2025/04/27,L6,Distributed Systems (Back-End),8年,4年,330798,24.1万,8.9万,不适用,https://www.levels.fyi/zh-cn/companies/dfinity/salaries/software-engineer?country=234,2026-01-28 00:03:46
ConsenSys,软件工程师,United States,"ConsenSysDenver, CO",5 hours ago,IC5,Full Stack,,11+年,256000,18.8万,4万,2.8万,https://www.levels.fyi/zh-cn/companies/consensys/salaries/software-engineer?country=254,2026-01-28 00:04:33
Consensys,软件工程师,United States,"ConsensysDenver, CO",2025/09/10,IC5,Web Development (Front-End),18年,4年,243000,20.8万,不适用,3.5万,https://www.levels.fyi/zh-cn/companies/consensys/salaries/software-engineer?country=254,2026-01-28 00:04:33
Consensys,软件工程师,United States,"ConsensysDenver, CO",2025/08/01,Senior Software Engineer,Research,4年,4年,175000,17.5万,不适用,不适用,https://www.levels.fyi/zh-cn/companies/consensys/salaries/software-engineer?country=254,2026-01-28 00:04:33
Consensys,市场营销,,"ConsensysSan Francisco, CA",2025/08/01,-,-,10年,4年,190000,19万,不适用,不适用,https://www.levels.fyi/zh-cn/companies/consensys/salaries/marketing,2026-01-28 00:04:48
Consensys,市场营销,,"ConsensysSan Francisco, CA",2024/12/01,L3,Crypto/Web3,12年,2年,219000,19.7万,不适用,2.2万,https://www.levels.fyi/zh-cn/companies/consensys/salaries/marketing,2026-01-28 00:04:48
Consensys,项目经理,,"ConsensysNew York, NY",2023/03/12,-,Project Manager,7年,1年,207000,15.5万,3.6万,1.6万,https://www.levels.fyi/zh-cn/companies/consensys/salaries/project-manager,2026-01-28 00:05:28
Chainlink Labs,软件工程师,Argentina,"Chainlink LabsMendoza, MZ, Argentina",2025/12/12,L5,DevOps,14年,3年,146000,11.8万,不适用,2.8万,https://www.levels.fyi/zh-cn/companies/chainlink-labs/salaries/software-engineer?country=10,2026-01-28 00:06:06
Chainlink Labs,软件工程师,United Kingdom,"Chainlink LabsLondon, EN, United Kingdom",2025/03/22,4,Blockchain,10年,2年,283597,18万,10.3万,不适用,https://www.levels.fyi/zh-cn/companies/chainlink-labs/salaries/software-engineer/locations/united-kingdom?country=253,2026-01-28 00:06:11
Chainlink Labs,软件工程师,United Kingdom,"Chainlink LabsLondon, EN, United Kingdom",2025/02/27,L3,Distributed Systems (Back-End),4年,1年,177000,11.4万,6.3万,不适用,https://www.levels.fyi/zh-cn/companies/chainlink-labs/salaries/software-engineer/locations/united-kingdom?country=253,2026-01-28 00:06:11
Chainlink Labs,招聘专员,,"Chainlink LabsLos Angeles, CA",2023/06/01,L3,Operations,4年,1年,115000,11.5万,不适用,不适用,https://www.levels.fyi/zh-cn/companies/chainlink-labs/salaries/recruiter,2026-01-28 00:07:00
OpenSea,软件工程师,,"OpenSeaNew York, NY",2025/07/01,Staff,Full Stack,,5-10年,533000,26.4万,25万,1.9万,https://www.levels.fyi/zh-cn/companies/opensea/salaries/software-engineer,2026-01-28 00:07:27
OpenSea,软件工程师,,"OpenSeaSan Francisco, CA",2023/12/19,Software Engineer 2,General,5年,1年,434000,21万,22.4万,不适用,https://www.levels.fyi/zh-cn/companies/opensea/salaries/software-engineer,2026-01-28 00:07:27
OpenSea,软件工程师,,"OpenSeaSan Francisco, CA",2023/12/12,Software Engineer 2,Full Stack,10年,2年,330000,20万,13万,不适用,https://www.levels.fyi/zh-cn/companies/opensea/salaries/software-engineer,2026-01-28 00:07:27
Circle,软件工程师,United States,"CircleNew York, NY",2025/12/17,P3,Data,7年,0年,217500,16.5万,3.3万,2万,https://www.levels.fyi/zh-cn/companies/circle/salaries/software-engineer?country=254,2026-01-28 00:08:27
Circle,软件工程师,United States,"CircleSeattle, WA",2025/12/01,P4,API Development (Back-End),24年,0年,574400,25.6万,27.5万,4.3万,https://www.levels.fyi/zh-cn/companies/circle/salaries/software-engineer?country=254,2026-01-28 00:08:27
Circle,软件工程师,United States,"CircleNew York, NY",2025/10/02,P1,Data,3年,2年,300000,20万,10万,不适用,https://www.levels.fyi/zh-cn/companies/circle/salaries/software-engineer?country=254,2026-01-28 00:08:27
Circle,软件工程师,United States - New York City Area,"CircleNew York, NY",2025/09/10,P1,ML / AI,0年,0年,176950,13.5万,3万,1.2万,https://www.levels.fyi/zh-cn/companies/circle/salaries/software-engineer/locations/new-york-city-area?dma=501,2026-01-28 00:08:32
Circle,软件工程师,United States - San Francisco Bay Area,"CircleSan Francisco, CA",2025/08/10,P2,Distributed Systems (Back-End),4年,0年,244250,16.2万,6.5万,1.7万,https://www.levels.fyi/zh-cn/companies/circle/salaries/software-engineer/locations/san-francisco-bay-area?dma=807,2026-01-28 00:08:38
Circle,软件工程师,United States - San Francisco Bay Area,"CircleSan Francisco, CA",2025/04/20,P2,Full Stack,3年,3年,196000,14.6万,4万,1万,https://www.levels.fyi/zh-cn/companies/circle/salaries/software-engineer/locations/san-francisco-bay-area?dma=807,2026-01-28 00:08:38
Circle,软件工程师,United States - San Francisco Bay Area,"CircleSan Francisco, CA",2025/03/27,P3,Distributed Systems (Back-End),7年,0年,300000,18万,9.3万,2.8万,https://www.levels.fyi/zh-cn/companies/circle/salaries/software-engineer/locations/san-francisco-bay-area?dma=807,2026-01-28 00:08:38
Circle,数据分析师,,"CircleChicago, IL",2025/12/17,L4,-,10年,0年,293500,19万,7.5万,2.9万,https://www.levels.fyi/zh-cn/companies/circle/salaries/data-analyst,2026-01-28 00:09:25
Circle,产品经理,,"CircleLos Angeles, CA",2024/09/16,L6,Enterprise,6年,2年,426000,23万,16.2万,3.4万,https://www.levels.fyi/zh-cn/companies/circle/salaries/product-manager,2026-01-28 00:09:31
Circle,产品经理,,"CircleBoston, MA",2024/04/30,L6,Product,12年,1年,420000,+US$2万,,,https://www.levels.fyi/zh-cn/companies/circle/salaries/product-manager,2026-01-28 00:09:31
Circle,数据科学家,,"CircleNew York, NY",2023/08/25,L3,L3,0年,0年,167000,12.5万,3万,1.2万,https://www.levels.fyi/zh-cn/companies/circle/salaries/data-scientist,2026-01-28 00:09:36
Circle,软件工程经理,,"CircleNew York, NY",2024/12/12,L5,-,15年,3年,330000,28万,不适用,5万,https://www.levels.fyi/zh-cn/companies/circle/salaries/software-engineering-manager,2026-01-28 00:10:31
Circle,软件工程经理,,"CircleSan Francisco, CA",2024/06/14,L2,Production,19年,2年,282000,25万,不适用,3.2万,https://www.levels.fyi/zh-cn/companies/circle/salaries/software-engineering-manager,2026-01-28 00:10:31
Paxos,软件工程师,,"PaxosTampa, FL",2026/01/17,L5,Data,10年,5年,229000,22.1万,8000,不适用,https://www.levels.fyi/zh-cn/companies/paxos/salaries/software-engineer,2026-01-28 00:11:09
Paxos,软件工程师,,"PaxosSeattle, WA",2025/01/12,L6,Security,20年,2年,310000,31万,不适用,不适用,https://www.levels.fyi/zh-cn/companies/paxos/salaries/software-engineer,2026-01-28 00:11:09
Paxos,软件工程师,,"PaxosSan Francisco, CA",2025/01/07,L4,Data,7年,2年,209000,20.9万,不适用,不适用,https://www.levels.fyi/zh-cn/companies/paxos/salaries/software-engineer,2026-01-28 00:11:09
Paxos,产品经理,,"PaxosSan Francisco, CA",2024/04/01,L5,Enterprise,8年,2年,260000,22.4万,不适用,3.6万,https://www.levels.fyi/zh-cn/companies/paxos/salaries/product-manager,2026-01-28 00:11:16
Fireblocks,软件工程师,Israel,"FireblocksTel Aviv, TA, Israel",2026/01/17,Senior,Full Stack,10年,3年,198404,19.8万,不适用,不适用,https://www.levels.fyi/zh-cn/companies/fireblocks/salaries/software-engineer?country=118,2026-01-28 00:12:00
Fireblocks,软件工程师,Israel,"FireblocksTel Aviv, TA, Israel",2025/03/24,Senior,API Development (Back-End),5年,3年,136246,9.6万,4万,不适用,https://www.levels.fyi/zh-cn/companies/fireblocks/salaries/software-engineer?country=118,2026-01-28 00:12:00
Fireblocks,软件工程师,Israel,"FireblocksTel Aviv, TA, Israel",2024/12/29,L3,API Development (Back-End),4年,2年,81340,8.1万,不适用,不适用,https://www.levels.fyi/zh-cn/companies/fireblocks/salaries/software-engineer?country=118,2026-01-28 00:12:00
Fireblocks,客户成功,Israel,"FireblocksTel Aviv, TA, Israel",2025/11/14,Senior,hidden,,5-10年,137711,11.3万,5805.8,1.9万,https://www.levels.fyi/zh-cn/companies/fireblocks/salaries/customer-success?country=118,2026-01-28 00:12:27
Anchorage Digital,软件工程师,United States,"Anchorage DigitalNew York, NY",2025/09/01,Mid Level,Distributed Systems (Back-End),,2-4年,205275,16.5万,4万,不适用,https://www.levels.fyi/zh-cn/companies/anchorage-digital/salaries/software-engineer?country=254,2026-01-28 00:13:59
Anchorage Digital,软件工程师,United States,"Anchorage DigitalIndianapolis, IN",2025/07/21,L3,Web Development (Front-End),3年,3年,170991,13.5万,3.6万,不适用,https://www.levels.fyi/zh-cn/companies/anchorage-digital/salaries/software-engineer?country=254,2026-01-28 00:13:59
Anchorage Digital,软件工程师,United States,"Anchorage DigitalNew York, NY",2024/12/07,Mid Level,Distributed Systems (Back-End),4年,1年,310000,15.8万,15.2万,不适用,https://www.levels.fyi/zh-cn/companies/anchorage-digital/salaries/software-engineer?country=254,2026-01-28 00:14:00
BitGo,软件工程师,India,"BitGoBengaluru, KA, India",2026/01/16,E2,API Development (Back-End),5年,1年,44270,4.4万,不适用,不适用,https://www.levels.fyi/zh-cn/companies/bitgo/salaries/software-engineer?country=113,2026-01-28 00:14:51
BitGo,软件工程师,India,"BitGoBengaluru, KA, India",2025/11/20,L3,API Development (Back-End),9年,1年,58739,5.1万,8024.2,不适用,https://www.levels.fyi/zh-cn/companies/bitgo/salaries/software-engineer?country=113,2026-01-28 00:14:51
BitGo,软件工程师,India,"BitGoBengaluru, KA, India",2025/11/20,L3,API Development (Back-End),9年,1年,50937,5.1万,84.6,不适用,https://www.levels.fyi/zh-cn/companies/bitgo/salaries/software-engineer?country=113,2026-01-28 00:14:51
BitGo,软件工程师,United States,"BitGoNew York, NY",2025/08/06,E3,Full Stack,10年,4年,213000,19.8万,不适用,1.5万,https://www.levels.fyi/zh-cn/companies/bitgo/salaries/software-engineer/locations/united-states?country=254,2026-01-28 00:15:01
BitGo,软件工程师,United States,"BitGoPalo Alto, CA",2025/06/11,E1,Full Stack,2年,0年,165000,16.5万,不适用,不适用,https://www.levels.fyi/zh-cn/companies/bitgo/salaries/software-engineer/locations/united-states?country=254,2026-01-28 00:15:01
BitGo,软件工程师,United States,"BitGoNew York, NY",2025/06/01,L3,API Development (Back-End),7年,0年,225000,21万,1.5万,不适用,https://www.levels.fyi/zh-cn/companies/bitgo/salaries/software-engineer/locations/united-states?country=254,2026-01-28 00:15:01
BitGo,软件工程师,United States - San Francisco Bay Area,"BitGoSan Francisco, CA",2025/04/16,L1,Full Stack,1年,1年,130000,13万,不适用,不适用,https://www.levels.fyi/zh-cn/companies/bitgo/salaries/software-engineer/locations/san-francisco-bay-area?dma=807,2026-01-28 00:15:11
BitGo,软件工程师,United States - San Francisco Bay Area,"BitGoPalo Alto, CA",2025/02/05,L1,Networking,1年,0年,125000,12.5万,不适用,不适用,https://www.levels.fyi/zh-cn/companies/bitgo/salaries/software-engineer/locations/san-francisco-bay-area?dma=807,2026-01-28 00:15:11
BitGo,软件工程师,Canada,"BitGoToronto, ON, Canada",2025/11/13,E2,Full Stack,7年,0年,142767,14.3万,不适用,不适用,https://www.levels.fyi/zh-cn/companies/bitgo/salaries/software-engineer/locations/canada?country=43,2026-01-28 00:15:16
BitGo,软件工程师,Canada,"BitGoToronto, ON, Canada",2025/11/01,E1,Full Stack,2年,0年,128100,11.4万,1.4万,不适用,https://www.levels.fyi/zh-cn/companies/bitgo/salaries/software-engineer/locations/canada?country=43,2026-01-28 00:15:16
BitGo,产品经理,United States,"BitGoNew York, NY",2026/01/15,L3,Infrastructure,3年,0年,165000,16.5万,不适用,不适用,https://www.levels.fyi/zh-cn/companies/bitgo/salaries/product-manager?country=254,2026-01-28 00:15:41
BitGo,产品经理,United States,"BitGoSan Francisco, CA",2025/03/25,4,Technical,8年,2年,185000,18.5万,不适用,不适用,https://www.levels.fyi/zh-cn/companies/bitgo/salaries/product-manager?country=254,2026-01-28 00:15:41
Ledger,软件工程师,France,"LedgerParis, IL, France",2026/01/19,Junior,Security,0年,0年,58165,5.7万,1163.3,不适用,https://www.levels.fyi/zh-cn/companies/ledger/salaries/software-engineer?country=82,2026-01-28 00:17:14
Ledger,软件工程师,France,"LedgerParis, IL, France",2026/01/06,L2,DevOps,1年,1年,70123,5.8万,5843.5,5843.5,https://www.levels.fyi/zh-cn/companies/ledger/salaries/software-engineer?country=82,2026-01-28 00:17:14
Ledger,软件工程师,France,"LedgerParis, IL, France",2025/12/21,Senior,Web Development (Front-End),,5-10年,86671,8万,不适用,7027.4,https://www.levels.fyi/zh-cn/companies/ledger/salaries/software-engineer?country=82,2026-01-28 00:17:14
Alchemy,软件工程师,United States,"AlchemySan Francisco, CA",2026/01/13,L5,Full Stack,9年,4年,710000,22万,45万,4万,https://www.levels.fyi/zh-cn/companies/alchemy/salaries/software-engineer?country=254,2026-01-28 00:18:12
Alchemy,软件工程师,United States,"AlchemyNew York, NY",2025/09/01,L5,Full Stack,9年,1年,225000,22.5万,不适用,不适用,https://www.levels.fyi/zh-cn/companies/alchemy/salaries/software-engineer?country=254,2026-01-28 00:18:12
Alchemy,软件工程师,United States,"AlchemyNew York, NY",2025/05/09,L5,Distributed Systems (Back-End),7年,1年,190000,19万,不适用,不适用,https://www.levels.fyi/zh-cn/companies/alchemy/salaries/software-engineer?country=254,2026-01-28 00:18:12
Alchemy,软件工程师,United States - San Francisco Bay Area,"AlchemySan Francisco, CA",2025/03/27,L5,Full Stack,8年,2年,210000,21万,不适用,不适用,https://www.levels.fyi/zh-cn/companies/alchemy/salaries/software-engineer/locations/san-francisco-bay-area?dma=807,2026-01-28 00:18:23
Dapper Labs,软件工程师,,"Dapper LabsVancouver, BC, Canada",2025/01/27,L3,API Development (Back-End),2年,0年,79378,7.7万,2785.2,不适用,https://www.levels.fyi/zh-cn/companies/dapper-labs/salaries/software-engineer,2026-01-28 00:19:07
Dapper Labs,软件工程师,,"Dapper LabsToronto, ON, Canada",2024/04/24,L4,API Development (Back-End),7年,1年,128088,12.8万,不适用,不适用,https://www.levels.fyi/zh-cn/companies/dapper-labs/salaries/software-engineer,2026-01-28 00:19:07
Dapper Labs,软件工程师,,"Dapper LabsLos Angeles, CA",2024/03/20,L5,Full Stack,7年,2年,225000,20.5万,2万,不适用,https://www.levels.fyi/zh-cn/companies/dapper-labs/salaries/software-engineer,2026-01-28 00:19:07
Dapper Labs,产品经理,,Dapper LabsLos Angeles - Orange County,2025/03/03,,hidden,,5-10年,220000,22万,不适用,不适用,https://www.levels.fyi/zh-cn/companies/dapper-labs/salaries/product-manager,2026-01-28 00:19:13
Dapper Labs,产品经理,,"Dapper LabsVancouver, BC, Canada",2023/02/01,Senior,Product,4年,2年,140829,12.1万,9026.6,1.1万,https://www.levels.fyi/zh-cn/companies/dapper-labs/salaries/product-manager,2026-01-28 00:19:13
Wintermute,软件工程师,United Kingdom,"WintermuteLondon, EN, United Kingdom",2025/10/14,7,API Development (Back-End),13年,3年,469259,20.8万,不适用,26.1万,https://www.levels.fyi/zh-cn/companies/wintermute/salaries/software-engineer?country=253,2026-01-28 00:19:52
Wintermute,软件工程师,United Kingdom,"WintermuteLondon, EN, United Kingdom",2025/10/01,L1,Blockchain,4年,0年,147871,14.8万,不适用,不适用,https://www.levels.fyi/zh-cn/companies/wintermute/salaries/software-engineer?country=253,2026-01-28 00:19:52
Wintermute,软件工程师,United Kingdom,"WintermuteLondon, EN, United Kingdom",2025/07/01,1,Security,4年,2年,370701,16.5万,不适用,20.6万,https://www.levels.fyi/zh-cn/companies/wintermute/salaries/software-engineer?country=253,2026-01-28 00:19:52
FalconX,软件工程师,India,"FalconXBengaluru, KA, India",2025/03/19,L5,Distributed Systems (Back-End),10年,3年,97064,9.7万,不适用,不适用,https://www.levels.fyi/zh-cn/companies/falconx/salaries/software-engineer?country=113,2026-01-28 00:20:26
FalconX,软件工程师,India,"FalconXBengaluru, KA, India",2025/03/18,Senior Software Engineer,Distributed Systems (Back-End),,5-10年,98034,8.1万,9226.7,8073.4,https://www.levels.fyi/zh-cn/companies/falconx/salaries/software-engineer?country=113,2026-01-28 00:20:26
FalconX,软件工程师,United States,"FalconXNew York, NY",2025/08/22,Midlevel,Web Development (Front-End),5年,0年,190000,16.5万,不适用,2.5万,https://www.levels.fyi/zh-cn/companies/falconx/salaries/software-engineer/locations/united-states?country=254,2026-01-28 00:20:36
FalconX,软件工程师,United States,"FalconXNew York, NY",2025/06/30,L3,Security,1年,1年,300000,30万,不适用,不适用,https://www.levels.fyi/zh-cn/companies/falconx/salaries/software-engineer/locations/united-states?country=254,2026-01-28 00:20:36
Jane Street,软件工程师,United States,"Jane StreetNew York, NY",2025/12/16,-,ML / AI,1年,1年,450000,30万,不适用,15万,https://www.levels.fyi/zh-cn/companies/jane-street/salaries/software-engineer?country=254,2026-01-28 00:21:24
Jane Street,软件工程师,United States,"Jane StreetNew York, NY",2025/11/09,L2,Data,3年,3年,420000,30万,不适用,12万,https://www.levels.fyi/zh-cn/companies/jane-street/salaries/software-engineer?country=254,2026-01-28 00:21:24
Jane Street,软件工程师,United States,"Jane StreetNew York, NY",2025/10/06,L1,Full Stack,1年,0年,339000,30万,不适用,3.9万,https://www.levels.fyi/zh-cn/companies/jane-street/salaries/software-engineer?country=254,2026-01-28 00:21:24
Jane Street,软件工程师,United Kingdom,"Jane StreetLondon, EN, United Kingdom",2025/10/01,L1,Distributed Systems (Back-End),3年,0年,372367,21.5万,不适用,15.7万,https://www.levels.fyi/zh-cn/companies/jane-street/salaries/software-engineer/locations/united-kingdom?country=253,2026-01-28 00:21:33
Jane Street,软件工程师,United Kingdom,"Jane StreetLondon, EN, United Kingdom",2025/09/14,L1,Full Stack,0年,0年,341635,23.9万,不适用,10.3万,https://www.levels.fyi/zh-cn/companies/jane-street/salaries/software-engineer/locations/united-kingdom?country=253,2026-01-28 00:21:33
Jane Street,软件工程师,United Kingdom,"Jane StreetLondon, EN, United Kingdom",2025/08/15,L1,Full Stack,0年,0年,338396,23.7万,不适用,10.2万,https://www.levels.fyi/zh-cn/companies/jane-street/salaries/software-engineer/locations/united-kingdom?country=253,2026-01-28 00:21:33
Jane Street,数据科学家,United States,"Jane StreetNew York, NY",2025/11/17,L2,Machine Learning,0年,0年,120000,12万,不适用,不适用,https://www.levels.fyi/zh-cn/companies/jane-street/salaries/data-scientist?country=254,2026-01-28 00:21:57
Jane Street,数据科学家,United States,"Jane StreetNew York, NY",2025/08/14,L2,Finance,1年,0年,300000,30万,不适用,不适用,https://www.levels.fyi/zh-cn/companies/jane-street/salaries/data-scientist?country=254,2026-01-28 00:21:57
Jane Street,数据科学家,United States,"Jane StreetNew York, NY",2025/06/17,L1,quant researcher,1年,0年,300000,30万,不适用,不适用,https://www.levels.fyi/zh-cn/companies/jane-street/salaries/data-scientist?country=254,2026-01-28 00:21:57
Jane Street,产品经理,United States,"Jane StreetNew York, NY",2025/04/01,L3,Technical,4年,0年,525000,40万,不适用,12.5万,https://www.levels.fyi/zh-cn/companies/jane-street/salaries/product-manager?country=254,2026-01-28 00:22:21
Jane Street,产品经理,United States,"Jane StreetNew York, NY",2025/02/01,L3,Technical,4年,0年,250000,25万,不适用,不适用,https://www.levels.fyi/zh-cn/companies/jane-street/salaries/product-manager?country=254,2026-01-28 00:22:21
Jane Street,信息技术专员,United States,"Jane StreetNew York, NY",2025/12/14,,hidden,,5-10年,190000,15万,不适用,4万,https://www.levels.fyi/zh-cn/companies/jane-street/salaries/information-technologist?country=254,2026-01-28 00:22:46
Jane Street,信息技术专员,United States,"Jane StreetNew York, NY",2025/09/01,L1,Support,1年,0年,143750,12万,不适用,2.4万,https://www.levels.fyi/zh-cn/companies/jane-street/salaries/information-technologist?country=254,2026-01-28 00:22:46
Jane Street,业务分析师,,"Jane StreetNew York, NY",2025/06/06,L1,-,3年,1年,143000,14.3万,不适用,不适用,https://www.levels.fyi/zh-cn/companies/jane-street/salaries/business-analyst,2026-01-28 00:23:00
Jane Street,业务分析师,,"Jane StreetNew York, NY",2023/05/23,-,-,1年,1年,150000,15万,不适用,不适用,https://www.levels.fyi/zh-cn/companies/jane-street/salaries/business-analyst,2026-01-28 00:23:00
Jane Street,会计师,,"Jane StreetNew York, NY",2024/01/18,L4,Accounts Payable,8年,7年,210000,14.5万,不适用,6.5万,https://www.levels.fyi/zh-cn/companies/jane-street/salaries/accountant,2026-01-28 00:23:06
Jane Street,会计师,,"Jane StreetNew York, NY",2023/09/01,,hidden,,5-10年,180000,13万,不适用,5万,https://www.levels.fyi/zh-cn/companies/jane-street/salaries/accountant,2026-01-28 00:23:06
Hudson River Trading,软件工程师,United States,"Hudson River TradingNew York, NY",2025/12/21,L2,Full Stack,5年,5年,600000,20万,不适用,40万,https://www.levels.fyi/zh-cn/companies/hudson-river-trading/salaries/software-engineer?country=254,2026-01-28 00:24:13
Hudson River Trading,软件工程师,United States,"Hudson River TradingNew York, NY",2025/11/05,L2,DevOps,5年,0年,470000,25万,不适用,22万,https://www.levels.fyi/zh-cn/companies/hudson-river-trading/salaries/software-engineer?country=254,2026-01-28 00:24:13
Hudson River Trading,软件工程师,United States,"Hudson River TradingChicago, IL",2025/11/01,L2,ML / AI,0年,0年,245000,18.5万,6万,不适用,https://www.levels.fyi/zh-cn/companies/hudson-river-trading/salaries/software-engineer?country=254,2026-01-28 00:24:13
Hudson River Trading,软件工程师,United States - New York City Area,"Hudson River TradingNew York, NY",2025/10/31,L1,ML / AI,2年,0年,400000,25万,不适用,15万,https://www.levels.fyi/zh-cn/companies/hudson-river-trading/salaries/software-engineer/locations/new-york-city-area?dma=501,2026-01-28 00:24:18
Hudson River Trading,软件工程师,Singapore,"Hudson River TradingSingapore, SG, Singapore",2025/05/06,L2,Production,4年,0年,680073,21.6万,不适用,46.4万,https://www.levels.fyi/zh-cn/companies/hudson-river-trading/salaries/software-engineer/locations/singapore?country=219,2026-01-28 00:24:22
Hudson River Trading,软件工程师,Singapore,"Hudson River TradingSingapore, SG, Singapore",2025/03/31,L2,API Development (Back-End),0年,0年,289587,20.1万,不适用,8.9万,https://www.levels.fyi/zh-cn/companies/hudson-river-trading/salaries/software-engineer/locations/singapore?country=219,2026-01-28 00:24:22
Hudson River Trading,硬件工程师,United States,"Hudson River TradingNew York, NY",2025/08/11,L1,Digital IC,3年,0年,446000,24万,不适用,20.6万,https://www.levels.fyi/zh-cn/companies/hudson-river-trading/salaries/hardware-engineer?country=254,2026-01-28 00:24:42
Hudson River Trading,硬件工程师,United States,"Hudson River TradingChicago, IL",2025/05/14,L3,Verification,3年,0年,310000,20万,不适用,11万,https://www.levels.fyi/zh-cn/companies/hudson-river-trading/salaries/hardware-engineer?country=254,2026-01-28 00:24:42
Hudson River Trading,硬件工程师,United States - New York City Area,"Hudson River TradingNew York, NY",2025/05/14,L1,hidden,1年,0年,326000,17.6万,不适用,15万,https://www.levels.fyi/zh-cn/companies/hudson-river-trading/salaries/hardware-engineer/locations/new-york-city-area?dma=501,2026-01-28 00:24:47
Hudson River Trading,招聘专员,,"Hudson River TradingNew York, NY",2024/09/14,,hidden,,2-4年,190000,16万,不适用,3万,https://www.levels.fyi/zh-cn/companies/hudson-river-trading/salaries/recruiter,2026-01-28 00:25:00
dYdX,软件工程师,,"dYdXNew York, NY",2024/03/28,L4,Frontend,5年,0年,410500,22万,15万,4.1万,https://www.levels.fyi/zh-cn/companies/dydx/salaries/software-engineer,2026-01-28 00:26:38
dYdX,软件工程师,,"dYdXNew York, NY",2024/01/05,-,Blockchain,4年,2年,432000,27.6万,12万,3.6万,https://www.levels.fyi/zh-cn/companies/dydx/salaries/software-engineer,2026-01-28 00:26:38
Yuga Labs,软件工程师,,"Yuga LabsAustin, TX",2023/06/02,-,Full Stack,8年,1年,240000,20万,4万,不适用,https://www.levels.fyi/zh-cn/companies/yuga-labs/salaries/software-engineer,2026-01-28 00:26:53
Block,产品设计师,United States,"BlockNew York, NY",2026/01/07,Level 6,User Interfaces,10年,1年,410000,25.2万,15.8万,不适用,https://www.levels.fyi/zh-cn/companies/block/salaries/product-designer?country=254,2026-01-28 00:27:55
Block,产品设计师,United States,"BlockLos Angeles, CA",2025/10/28,Level 5,User Experience (UX),5年,0年,319000,22.4万,9.5万,不适用,https://www.levels.fyi/zh-cn/companies/block/salaries/product-designer?country=254,2026-01-28 00:27:55
Block,产品设计师,United States,"BlockNew York, NY",2025/09/27,L6,User Experience (UX),8年,3年,420000,22.4万,19.6万,不适用,https://www.levels.fyi/zh-cn/companies/block/salaries/product-designer?country=254,2026-01-28 00:27:55
Block,产品设计师,United States - New York City Area,"BlockNew York, NY",2025/08/02,Level 4,User Experience (UX),4年,3年,228000,14.8万,8万,不适用,https://www.levels.fyi/zh-cn/companies/block/salaries/product-designer/locations/new-york-city-area?dma=501,2026-01-28 00:28:01
Block,产品设计师,United States - San Francisco Bay Area,"BlockSan Francisco, CA",2025/06/01,Level 5,User Experience (UX),3年,3年,278000,17.8万,10万,不适用,https://www.levels.fyi/zh-cn/companies/block/salaries/product-designer/locations/san-francisco-bay-area?dma=807,2026-01-28 00:28:07
Block,产品设计师,United States - San Francisco Bay Area,"BlockOakland, CA",2025/05/01,Level 5,User Experience (UX),9年,3年,298000,19.8万,10万,不适用,https://www.levels.fyi/zh-cn/companies/block/salaries/product-designer/locations/san-francisco-bay-area?dma=807,2026-01-28 00:28:07
Block,产品设计师,United States - San Francisco Bay Area,"BlockSan Francisco, CA",2025/04/26,Level 5,User Experience (UX),3年,3年,280000,18万,10万,不适用,https://www.levels.fyi/zh-cn/companies/block/salaries/product-designer/locations/san-francisco-bay-area?dma=807,2026-01-28 00:28:07
Block,产品设计师,United States - Greater Los Angeles Area,"BlockLos Angeles, CA",2025/09/23,Level 6,User Experience (UX),12年,1年,400000,22.4万,17.6万,不适用,https://www.levels.fyi/zh-cn/companies/block/salaries/product-designer/locations/greater-los-angeles-area?dma=803,2026-01-28 00:28:13
Block,产品设计师,Canada,"BlockToronto, ON, Canada",2025/10/11,Level 5,User Experience (UX),7年,3年,107075,10.7万,不适用,不适用,https://www.levels.fyi/zh-cn/companies/block/salaries/product-designer/locations/canada?country=43,2026-01-28 00:28:17
Block,产品设计师,Canada,"BlockToronto, ON, Canada",2025/04/05,Level 6,User Interfaces,10年,4年,167270,11.7万,5万,不适用,https://www.levels.fyi/zh-cn/companies/block/salaries/product-designer/locations/canada?country=43,2026-01-28 00:28:17
Block,产品经理,United States,"BlockSeattle, WA",7 days ago,Level 6,Consumer,15年,4年,470000,27万,20万,不适用,https://www.levels.fyi/zh-cn/companies/block/salaries/product-manager?country=254,2026-01-28 00:28:43
Block,产品经理,United States,"BlockSan Francisco, CA",2025/12/19,Level 5,Consumer,5年,0年,363500,24万,11.6万,7500,https://www.levels.fyi/zh-cn/companies/block/salaries/product-manager?country=254,2026-01-28 00:28:43
Block,产品经理,United States,"BlockNew York, NY",2025/12/01,L5,General,10年,3年,340000,20万,14万,不适用,https://www.levels.fyi/zh-cn/companies/block/salaries/product-manager?country=254,2026-01-28 00:28:43
Block,产品经理,United States - San Francisco Bay Area,"BlockSan Francisco, CA",2025/11/07,Level 7,Enterprise,17年,1年,660000,31万,35万,不适用,https://www.levels.fyi/zh-cn/companies/block/salaries/product-manager/locations/san-francisco-bay-area?dma=807,2026-01-28 00:28:48
Block,产品经理,United States - San Francisco Bay Area,"BlockSan Francisco, CA",2025/08/15,Level 6,Technical,8年,2年,440000,24万,20万,不适用,https://www.levels.fyi/zh-cn/companies/block/salaries/product-manager/locations/san-francisco-bay-area?dma=807,2026-01-28 00:28:48
Block,产品经理,United States - New York City Area,"BlockNew York, NY",2025/09/05,Level 6,General,10年,3年,140000,14万,不适用,不适用,https://www.levels.fyi/zh-cn/companies/block/salaries/product-manager/locations/new-york-city-area?dma=501,2026-01-28 00:28:53
Block,产品经理,United States - New York City Area,"BlockNew York, NY",2025/08/09,L4,General,4年,1年,235000,19.5万,不适用,4万,https://www.levels.fyi/zh-cn/companies/block/salaries/product-manager/locations/new-york-city-area?dma=501,2026-01-28 00:28:54
Block,产品经理,United States - Greater Seattle Area,"BlockSeattle, WA",2025/09/26,Level 6,Growth,9年,4年,412000,21.2万,20万,不适用,https://www.levels.fyi/zh-cn/companies/block/salaries/product-manager/locations/greater-seattle-area?dma=819,2026-01-28 00:28:59
Block,产品经理,United States - Greater Los Angeles Area,"BlockLos Angeles, CA",2025/06/01,Level 6,General,12年,4年,350000,20万,15万,不适用,https://www.levels.fyi/zh-cn/companies/block/salaries/product-manager/locations/greater-los-angeles-area?dma=803,2026-01-28 00:29:04
Block,产品经理,United States - Greater Los Angeles Area,"BlockLos Angeles, CA",2025/04/21,Level 6,Internal,12年,10年,272000,19.8万,7.4万,不适用,https://www.levels.fyi/zh-cn/companies/block/salaries/product-manager/locations/greater-los-angeles-area?dma=803,2026-01-28 00:29:04
Block,市场营销,United States,"BlockNew York, NY",2025/10/02,Level 6,Writing,10年,5年,178000,17.8万,不适用,不适用,https://www.levels.fyi/zh-cn/companies/block/salaries/marketing?country=254,2026-01-28 00:29:55
Block,市场营销,United States,"BlockSan Francisco, CA",2025/05/21,Level 5,-,9年,2年,230000,18.5万,4.5万,不适用,https://www.levels.fyi/zh-cn/companies/block/salaries/marketing?country=254,2026-01-28 00:29:55
Block,市场营销,United States,"BlockSan Francisco, CA",2025/05/01,Level 5,-,8年,2年,220000,18.5万,3.5万,不适用,https://www.levels.fyi/zh-cn/companies/block/salaries/marketing?country=254,2026-01-28 00:29:55
Block,市场营销,United States - San Francisco Bay Area,"BlockSan Francisco, CA",2025/04/16,Level 6,-,7年,2年,244000,20.4万,4万,不适用,https://www.levels.fyi/zh-cn/companies/block/salaries/marketing/locations/san-francisco-bay-area?dma=807,2026-01-28 00:30:00
Block,软件工程经理,United States,"BlockPhiladelphia, PA",18 hours ago,L6,-,16年,4年,526000,26.6万,26万,不适用,https://www.levels.fyi/zh-cn/companies/block/salaries/software-engineering-manager?country=254,2026-01-28 00:30:20
Block,软件工程经理,United States,"BlockSeattle, WA",2026/01/17,L6,Distributed Systems (Back-End),14年,1年,450000,27万,18万,不适用,https://www.levels.fyi/zh-cn/companies/block/salaries/software-engineering-manager?country=254,2026-01-28 00:30:20
Block,软件工程经理,United States,"BlockLos Angeles, CA",2026/01/17,L6,-,15年,3年,470000,22万,25万,不适用,https://www.levels.fyi/zh-cn/companies/block/salaries/software-engineering-manager?country=254,2026-01-28 00:30:20
Block,软件工程经理,United States - New York City Area,"BlockNew York, NY",2026/01/17,L6,hidden,13年,4年,524000,25.8万,26.6万,不适用,https://www.levels.fyi/zh-cn/companies/block/salaries/software-engineering-manager/locations/new-york-city-area?dma=501,2026-01-28 00:30:25
Block,软件工程经理,United States - New York City Area,"BlockNew York, NY",2025/08/19,L7,Mobile,14年,4年,990000,34万,65万,不适用,https://www.levels.fyi/zh-cn/companies/block/salaries/software-engineering-manager/locations/new-york-city-area?dma=501,2026-01-28 00:30:25
Block,软件工程经理,United States - New York City Area,"BlockNew York, NY",2025/08/14,L8,Backend,15年,3年,1130000,38万,75万,不适用,https://www.levels.fyi/zh-cn/companies/block/salaries/software-engineering-manager/locations/new-york-city-area?dma=501,2026-01-28 00:30:25
Block,软件工程经理,United States - San Francisco Bay Area,"BlockSan Francisco, CA",2025/05/07,L7,-,14年,7年,730000,28万,45万,不适用,https://www.levels.fyi/zh-cn/companies/block/salaries/software-engineering-manager/locations/san-francisco-bay-area?dma=807,2026-01-28 00:30:30
Block,软件工程经理,United States - San Francisco Bay Area,"BlockSan Francisco, CA",2025/04/19,L7,-,20年,6年,616000,31.6万,30万,不适用,https://www.levels.fyi/zh-cn/companies/block/salaries/software-engineering-manager/locations/san-francisco-bay-area?dma=807,2026-01-28 00:30:30
Block,软件工程经理,United States - San Francisco Bay Area,"BlockSan Francisco, CA",2025/04/01,L7,Data Engineering,14年,2年,430000,28万,15万,不适用,https://www.levels.fyi/zh-cn/companies/block/salaries/software-engineering-manager/locations/san-francisco-bay-area?dma=807,2026-01-28 00:30:30
Block,软件工程经理,United States - Greater Seattle Area,"BlockSeattle, WA",2026/01/16,L6,-,14年,1年,450000,27万,18万,不适用,https://www.levels.fyi/zh-cn/companies/block/salaries/software-engineering-manager/locations/greater-seattle-area?dma=819,2026-01-28 00:30:35
Block,软件工程经理,United States - Greater Seattle Area,"BlockSeattle, WA",2025/03/29,L7,-,20年,4年,588000,30.8万,28万,不适用,https://www.levels.fyi/zh-cn/companies/block/salaries/software-engineering-manager/locations/greater-seattle-area?dma=819,2026-01-28 00:30:35
Block,软件工程经理,United States - Northern Virginia Washington DC,"BlockWashington, DC",2025/11/10,L6,-,11年,1年,400000,23万,17万,不适用,https://www.levels.fyi/zh-cn/companies/block/salaries/software-engineering-manager/locations/northern-virginia-washington-dc?dma=511,2026-01-28 00:30:40
Block,软件工程经理,United States - Northern Virginia Washington DC,"BlockWashington, DC",2025/05/01,L6,-,14年,2年,494000,24.4万,25万,不适用,https://www.levels.fyi/zh-cn/companies/block/salaries/software-engineering-manager/locations/northern-virginia-washington-dc?dma=511,2026-01-28 00:30:40
Block,软件工程经理,Australia,"BlockMelbourne, VI, Australia",2025/09/20,L6,-,10年,2年,259843,16.1万,9.9万,不适用,https://www.levels.fyi/zh-cn/companies/block/salaries/software-engineering-manager/locations/australia?country=14,2026-01-28 00:30:46
Block,软件工程经理,Australia,"BlockMelbourne, VI, Australia",2024/11/07,L6,-,10年,4年,199960,12.7万,7.3万,不适用,https://www.levels.fyi/zh-cn/companies/block/salaries/software-engineering-manager/locations/australia?country=14,2026-01-28 00:30:46
Block,技术项目经理,United States,"BlockSan Francisco, CA",2026/01/07,Level 6,-,12年,5年,270000,21万,6万,不适用,https://www.levels.fyi/zh-cn/companies/block/salaries/technical-program-manager?country=254,2026-01-28 00:31:05
Block,技术项目经理,United States,"BlockSeattle, WA",2025/10/29,Level 5,-,8年,3年,190000,19万,不适用,不适用,https://www.levels.fyi/zh-cn/companies/block/salaries/technical-program-manager?country=254,2026-01-28 00:31:05
Block,技术项目经理,United States,"BlockSeattle, WA",2025/10/16,Level 5,-,8年,3年,290000,19万,10万,不适用,https://www.levels.fyi/zh-cn/companies/block/salaries/technical-program-manager?country=254,2026-01-28 00:31:05
Block,技术项目经理,United States - San Francisco Bay Area,"BlockSan Francisco, CA",2025/05/21,Level 6,-,10年,5年,215000,21.5万,不适用,不适用,https://www.levels.fyi/zh-cn/companies/block/salaries/technical-program-manager/locations/san-francisco-bay-area?dma=807,2026-01-28 00:31:11
Block,技术项目经理,United States - San Francisco Bay Area,"BlockSan Francisco, CA",2025/03/03,Level 6,-,15年,3年,190000,19万,不适用,不适用,https://www.levels.fyi/zh-cn/companies/block/salaries/technical-program-manager/locations/san-francisco-bay-area?dma=807,2026-01-28 00:31:11
Block,技术项目经理,United States - Greater Los Angeles Area,"BlockLos Angeles, CA",2025/05/20,Level 7,-,20年,5年,416000,21.6万,20万,不适用,https://www.levels.fyi/zh-cn/companies/block/salaries/technical-program-manager/locations/greater-los-angeles-area?dma=803,2026-01-28 00:31:22
Block,技术项目经理,Ireland,"BlockDublin, DN, Ireland",2025/11/21,Level 5,-,10年,0年,145213,12.8万,1.7万,不适用,https://www.levels.fyi/zh-cn/companies/block/salaries/technical-program-manager/locations/ireland?country=117,2026-01-28 00:31:27
Block,业务分析师,United States,"BlockSan Francisco, CA",2025/04/28,Level 5,-,7年,2年,235000,17.5万,6万,不适用,https://www.levels.fyi/zh-cn/companies/block/salaries/business-analyst?country=254,2026-01-28 00:31:54
Block,业务分析师,United States,"BlockCharlotte, NC",2025/01/28,Level 6,-,11年,3年,280000,18万,10万,不适用,https://www.levels.fyi/zh-cn/companies/block/salaries/business-analyst?country=254,2026-01-28 00:31:54
Block,业务分析师,United States,"BlockDallas, TX",2024/08/21,Level 5,BSA,8年,3年,195000,15.5万,4万,不适用,https://www.levels.fyi/zh-cn/companies/block/salaries/business-analyst?country=254,2026-01-28 00:31:54
Block,招聘专员,United States,"BlockOrange, CA",2025/11/11,L6,Tech,10年,6年,242000,16.7万,7.5万,不适用,https://www.levels.fyi/zh-cn/companies/block/salaries/recruiter?country=254,2026-01-28 00:32:52
Block,招聘专员,United States,"BlockAustin, TX",2025/08/14,L6,Tech,12年,4年,374000,19.8万,17.6万,不适用,https://www.levels.fyi/zh-cn/companies/block/salaries/recruiter?country=254,2026-01-28 00:32:52
Block,招聘专员,United States,"BlockNew York, NY",2025/06/28,L5,Sales,10年,1年,102000,10.2万,不适用,不适用,https://www.levels.fyi/zh-cn/companies/block/salaries/recruiter?country=254,2026-01-28 00:32:52
Block,招聘专员,United States - Greater Los Angeles Area,"BlockLos Angeles, CA",2025/02/15,L5,Engineering,10年,3年,167000,16.7万,不适用,不适用,https://www.levels.fyi/zh-cn/companies/block/salaries/recruiter/locations/greater-los-angeles-area?dma=803,2026-01-28 00:32:57
Block,项目群经理,United States,"BlockNew York, NY",2025/12/01,L6,-,6年,0年,254600,18.6万,5万,1.9万,https://www.levels.fyi/zh-cn/companies/block/salaries/program-manager?country=254,2026-01-28 00:33:17
Block,项目群经理,United States,"BlockNew York, NY",2025/07/15,L4,-,5年,3年,130000,11.9万,1.1万,不适用,https://www.levels.fyi/zh-cn/companies/block/salaries/program-manager?country=254,2026-01-28 00:33:17
Block,项目群经理,United States,"BlockBoston, MA",2025/05/29,L5,-,12年,2年,172000,14万,3.2万,不适用,https://www.levels.fyi/zh-cn/companies/block/salaries/program-manager?country=254,2026-01-28 00:33:17
Block,法务,United States,"BlockNew York, NY",2025/09/12,L8,-,25年,1年,1000000,35万,65万,不适用,https://www.levels.fyi/zh-cn/companies/block/salaries/legal?country=254,2026-01-28 00:34:25
Block,法务,United States,"BlockSan Francisco, CA",2025/08/04,L6,-,15年,4年,358000,25.8万,10万,不适用,https://www.levels.fyi/zh-cn/companies/block/salaries/legal?country=254,2026-01-28 00:34:25
Block,法务,United States,"BlockSan Francisco, CA",2025/06/04,L6,-,15年,2年,290000,23万,6万,不适用,https://www.levels.fyi/zh-cn/companies/block/salaries/legal?country=254,2026-01-28 00:34:25
Block,数据科学经理,United States,"BlockNew York, NY",2025/10/10,L6,Investments &amp; RIsk,10年,5年,220000,22万,不适用,不适用,https://www.levels.fyi/zh-cn/companies/block/salaries/data-science-manager?country=254,2026-01-28 00:34:49
Block,数据科学经理,United States,"BlockPortland, OR",2025/10/07,L5,Compliance,4年,4年,215000,15.1万,6.4万,不适用,https://www.levels.fyi/zh-cn/companies/block/salaries/data-science-manager?country=254,2026-01-28 00:34:49
Block,数据科学经理,United States - San Francisco Bay Area,"BlockSan Francisco, CA",2025/07/30,L7,Payments,9年,6年,476000,26万,21.6万,不适用,https://www.levels.fyi/zh-cn/companies/block/salaries/data-science-manager/locations/san-francisco-bay-area?dma=807,2026-01-28 00:34:54
Block,数据科学经理,United States - San Francisco Bay Area,"BlockSan Francisco, CA",2025/03/30,L6,DS,14年,3年,290000,21万,8万,不适用,https://www.levels.fyi/zh-cn/companies/block/salaries/data-science-manager/locations/san-francisco-bay-area?dma=807,2026-01-28 00:34:54
Block,财务分析师,United States,"BlockNew York, NY",2025/08/29,L6,General,10年,4年,278000,19.8万,8万,不适用,https://www.levels.fyi/zh-cn/companies/block/salaries/financial-analyst?country=254,2026-01-28 00:35:14
Block,财务分析师,United States,"BlockNew York, NY",2025/08/28,L6,General,,5-10年,278000,19.8万,8万,不适用,https://www.levels.fyi/zh-cn/companies/block/salaries/financial-analyst?country=254,2026-01-28 00:35:14
Block,财务分析师,United States,"BlockSan Francisco, CA",2025/07/25,L5,Planning,8年,3年,230000,19万,4万,不适用,https://www.levels.fyi/zh-cn/companies/block/salaries/financial-analyst?country=254,2026-01-28 00:35:14
Block,用户体验研究员,,"BlockSan Francisco, CA",2024/10/06,L6,User Research,,5-10年,230000,20.5万,2.5万,不适用,https://www.levels.fyi/zh-cn/companies/block/salaries/ux-researcher,2026-01-28 00:35:33
Block,用户体验研究员,,"BlockSeattle, WA",2024/07/14,L6,User Research,12年,2年,300000,20.2万,9.8万,不适用,https://www.levels.fyi/zh-cn/companies/block/salaries/ux-researcher,2026-01-28 00:35:33
Block,硬件工程师,,"BlockSan Francisco, CA",2025/06/29,L6,Digital IC,12年,2年,530000,24万,29万,不适用,https://www.levels.fyi/zh-cn/companies/block/salaries/hardware-engineer,2026-01-28 00:35:40
Block,硬件工程师,,"BlockSan Francisco, CA",2025/01/21,L5,General,6年,3年,254000,16.4万,9万,不适用,https://www.levels.fyi/zh-cn/companies/block/salaries/hardware-engineer,2026-01-28 00:35:40
Block,网络安全分析师,,"BlockMelbourne, VI, Australia",2025/04/11,L5,-,6年,4年,186820,11.2万,7.5万,不适用,https://www.levels.fyi/zh-cn/companies/block/salaries/security-analyst,2026-01-28 00:35:46
Block,网络安全分析师,,"BlockMelbourne, VI, Australia",2024/03/31,L5,-,3年,2年,125428,9.9万,2.6万,不适用,https://www.levels.fyi/zh-cn/companies/block/salaries/security-analyst,2026-01-28 00:35:46
Block,行政助理,,"BlockSan Francisco, CA",2025/01/27,L7,-,15年,5年,406000,23.6万,17万,不适用,https://www.levels.fyi/zh-cn/companies/block/salaries/administrative-assistant,2026-01-28 00:35:52
Block,行政助理,,"BlockSan Francisco, CA",2023/12/09,L5,EA,6年,2年,158000,14.1万,1.7万,不适用,https://www.levels.fyi/zh-cn/companies/block/salaries/administrative-assistant,2026-01-28 00:35:52
Block,人力资源,,"BlockSanta Clara, CA",2025/11/05,L6,-,20年,4年,217000,16.7万,5万,不适用,https://www.levels.fyi/zh-cn/companies/block/salaries/human-resources,2026-01-28 00:35:57
Block,人力资源,,"BlockAtlanta, GA",2024/06/15,L7,Compensation,13年,2年,478000,27.8万,20万,不适用,https://www.levels.fyi/zh-cn/companies/block/salaries/human-resources,2026-01-28 00:35:57
Block,信息技术专员,United States,"BlockNew York, NY",2025/04/20,L3,Engineer,15年,12年,160000,12.5万,3.5万,不适用,https://www.levels.fyi/zh-cn/companies/block/salaries/information-technologist?country=254,2026-01-28 00:36:13
Block,会计师,,"BlockAtlanta, GA",2022/08/15,L3,Pay scale,0年,0年,150000,15万,不适用,不适用,https://www.levels.fyi/zh-cn/companies/block/salaries/accountant,2026-01-28 00:36:25
Block,会计师,,"BlockSan Francisco, CA",2022/02/01,L3,Accounting,0年,0年,85000,8.5万,不适用,不适用,https://www.levels.fyi/zh-cn/companies/block/salaries/accountant,2026-01-28 00:36:25
Block,市场运营,,"BlockLos Angeles, CA",2023/11/29,L4,Marketing,7年,2年,120000,10.8万,1.2万,不适用,https://www.levels.fyi/zh-cn/companies/block/salaries/marketing-operations,2026-01-28 00:37:16
Block,市场运营,,"BlockLos Angeles, CA",2023/07/13,L4,Budget,7年,2年,120000,10.8万,1.2万,不适用,https://www.levels.fyi/zh-cn/companies/block/salaries/marketing-operations,2026-01-28 00:37:16
